timestamp,actual,predicted,error,MSE,MAE,R2,SMAPE
2017-11-07,0.69765,0.72364557,-0.025995553,0.03285084292292595,0.12904112040996552,0.1102437973022461,14.65098
2017-11-08,0.66304165,0.6021334,0.060908258,0.03285084292292595,0.12904112040996552,0.1102437973022461,14.65098
2017-11-09,0.6880625,0.74768734,-0.05962485,0.03285084292292595,0.12904112040996552,0.1102437973022461,14.65098
2017-11-10,0.6251,0.68216014,-0.057060122,0.03285084292292595,0.12904112040996552,0.1102437973022461,14.65098
2017-11-11,0.8047375,0.7938364,0.0109010935,0.03285084292292595,0.12904112040996552,0.1102437973022461,14.65098
2017-11-12,0.5880167,0.709,-0.1209833,0.03285084292292595,0.12904112040996552,0.1102437973022461,14.65098
2017-11-13,0.6997333,0.69533145,0.0044018626,0.03285084292292595,0.12904112040996552,0.1102437973022461,14.65098
2017-11-14,0.70264167,0.9517712,-0.24912953,0.03285084292292595,0.12904112040996552,0.1102437973022461,14.65098
2017-11-15,0.70847917,0.6383298,0.07014936,0.03285084292292595,0.12904112040996552,0.1102437973022461,14.65098
2017-11-16,1.1269083,0.8768147,0.25009358,0.03285084292292595,0.12904112040996552,0.1102437973022461,14.65098
2017-11-17,0.668875,0.61692023,0.051954746,0.03285084292292595,0.12904112040996552,0.1102437973022461,14.65098
2017-11-18,1.1310834,0.7835551,0.34752828,0.03285084292292595,0.12904112040996552,0.1102437973022461,14.65098
2017-11-19,0.71390414,0.7265004,-0.01259625,0.03285084292292595,0.12904112040996552,0.1102437973022461,14.65098
2017-11-20,0.59764165,0.6915317,-0.09389007,0.03285084292292595,0.12904112040996552,0.1102437973022461,14.65098
2017-11-21,0.71473336,0.7367229,-0.021989524,0.03285084292292595,0.12904112040996552,0.1102437973022461,14.65098
2017-11-22,1.1544125,0.86394554,0.29046696,0.03285084292292595,0.12904112040996552,0.1102437973022461,14.65098
2017-11-23,0.6834583,0.6718016,0.011656702,0.03285084292292595,0.12904112040996552,0.1102437973022461,14.65098
2017-11-24,0.6130583,0.6888125,-0.075754166,0.03285084292292595,0.12904112040996552,0.1102437973022461,14.65098
2017-11-25,1.1289917,0.88427144,0.24472028,0.03285084292292595,0.12904112040996552,0.1102437973022461,14.65098
2017-11-26,0.7159263,0.683946,0.031980276,0.03285084292292595,0.12904112040996552,0.1102437973022461,14.65098
2017-11-27,1.1410792,0.8075011,0.3335781,0.03285084292292595,0.12904112040996552,0.1102437973022461,14.65098
2017-11-28,1.1227417,0.78715587,0.33558583,0.03285084292292595,0.12904112040996552,0.1102437973022461,14.65098
2017-11-29,1.1264917,0.8262298,0.30026186,0.03285084292292595,0.12904112040996552,0.1102437973022461,14.65098
2017-11-30,0.71640414,0.68444526,0.031958878,0.03285084292292595,0.12904112040996552,0.1102437973022461,14.65098
2017-12-01,0.72639585,0.80212885,-0.075733006,0.03285084292292595,0.12904112040996552,0.1102437973022461,14.65098
2017-12-02,0.7268208,0.7355817,-0.0087608695,0.03285084292292595,0.12904112040996552,0.1102437973022461,14.65098
2017-12-03,0.71390414,0.6774438,0.03646034,0.03285084292292595,0.12904112040996552,0.1102437973022461,14.65098
2017-12-04,0.7184875,0.7031574,0.015330076,0.03285084292292595,0.12904112040996552,0.1102437973022461,14.65098
2017-12-05,1.1573292,0.7598533,0.3974759,0.03285084292292595,0.12904112040996552,0.1102437973022461,14.65098
2017-12-06,0.7547375,0.69387263,0.060864866,0.03285084292292595,0.12904112040996552,0.1102437973022461,14.65098
2017-12-07,0.7009875,0.71646255,-0.015475035,0.03285084292292595,0.12904112040996552,0.1102437973022461,14.65098
2017-12-08,0.65220416,0.66498744,-0.012783289,0.03285084292292595,0.12904112040996552,0.1102437973022461,14.65098
2017-12-09,0.75430834,0.73585415,0.018454194,0.03285084292292595,0.12904112040996552,0.1102437973022461,14.65098
2017-12-10,1.1452458,0.7311182,0.4141276,0.03285084292292595,0.12904112040996552,0.1102437973022461,14.65098
2017-12-11,1.1439917,0.9463494,0.19764233,0.03285084292292595,0.12904112040996552,0.1102437973022461,14.65098
2017-12-12,1.1631625,0.7589512,0.40421128,0.03285084292292595,0.12904112040996552,0.1102437973022461,14.65098
2017-12-13,0.71765417,0.6832969,0.03435725,0.03285084292292595,0.12904112040996552,0.1102437973022461,14.65098
2017-12-14,0.7172375,0.6754486,0.041788876,0.03285084292292595,0.12904112040996552,0.1102437973022461,14.65098
2017-12-15,0.63927084,0.71047896,-0.07120812,0.03285084292292595,0.12904112040996552,0.1102437973022461,14.65098
2017-12-16,0.75180835,0.9203621,-0.16855377,0.03285084292292595,0.12904112040996552,0.1102437973022461,14.65098
2017-12-17,1.128575,0.9513725,0.17720246,0.03285084292292595,0.12904112040996552,0.1102437973022461,14.65098
2017-12-18,0.7822292,1.071058,-0.28882885,0.03285084292292595,0.12904112040996552,0.1102437973022461,14.65098
2017-12-19,1.1127208,0.8205837,0.29213715,0.03285084292292595,0.12904112040996552,0.1102437973022461,14.65098
2017-12-20,0.7664,0.87980366,-0.11340368,0.03285084292292595,0.12904112040996552,0.1102437973022461,14.65098
2017-12-21,0.71765417,0.7083287,0.009325445,0.03285084292292595,0.12904112040996552,0.1102437973022461,14.65098
2017-12-22,0.73765415,0.68954515,0.048108995,0.03285084292292595,0.12904112040996552,0.1102437973022461,14.65098
2017-12-23,0.7243125,0.9496626,-0.22535014,0.03285084292292595,0.12904112040996552,0.1102437973022461,14.65098
2017-12-24,0.7318083,0.99597,-0.2641617,0.03285084292292595,0.12904112040996552,0.1102437973022461,14.65098
2017-12-25,1.1527458,0.817557,0.33518887,0.03285084292292595,0.12904112040996552,0.1102437973022461,14.65098
2017-12-26,0.72182083,0.71418154,0.007639289,0.03285084292292595,0.12904112040996552,0.1102437973022461,14.65098
2017-12-27,0.7897375,0.73319596,0.056541562,0.03285084292292595,0.12904112040996552,0.1102437973022461,14.65098
2017-12-28,0.69764584,0.6793655,0.018280327,0.03285084292292595,0.12904112040996552,0.1102437973022461,14.65098
2017-12-29,0.7168125,0.84553283,-0.12872034,0.03285084292292595,0.12904112040996552,0.1102437973022461,14.65098
2017-12-30,0.72807086,0.786376,-0.058305144,0.03285084292292595,0.12904112040996552,0.1102437973022461,14.65098
2017-12-31,0.7126458,0.70497465,0.0076711774,0.03285084292292595,0.12904112040996552,0.1102437973022461,14.65098
