timestamp,actual,predicted,error
2016-05-23 18:00:00,50.7698,46.86287758507187,3.9069224149281254
2016-05-23 19:00:00,51.1299,46.598013728343304,4.531886271656695
2016-05-23 20:00:00,55.3307,46.43084235008843,8.899857649911567
2016-05-23 21:00:00,61.2118,47.1380339166921,14.073766083307895
2016-05-23 22:00:00,61.9319,47.9683068923851,13.963593107614898
2016-05-23 23:00:00,59.5315,47.82778221286347,11.703717787136533
2016-05-24 00:00:00,58.9314,45.37393488211464,13.557465117885357
2016-05-24 01:00:00,54.4905,43.412895232362956,11.077604767637041
2016-05-24 02:00:00,55.6908,44.2384013606639,11.452398639336103
2016-05-24 03:00:00,50.7698,44.60734643523743,6.162453564762565
2016-05-24 04:00:00,27.6053,26.25410654529323,1.3511934547067703
2016-05-24 05:00:00,20.524,19.174373940112165,1.3496260598878358
2016-05-24 06:00:00,20.644,19.103764375482886,1.5402356245171127
2016-05-24 07:00:00,20.644,19.12313831024391,1.5208616897560887
2016-05-24 08:00:00,20.644,19.33278947488599,1.31121052511401
2016-05-24 09:00:00,20.524,19.412250947977313,1.111749052022688
2016-05-24 10:00:00,20.644,19.328431334132983,1.3155686658670156
2016-05-24 11:00:00,21.004,19.15034099124096,1.8536590087590419
2016-05-24 12:00:00,20.644,19.207985960759338,1.4360140392406606
2016-05-24 13:00:00,28.0854,31.779174696955437,-3.693774696955437
2016-05-24 14:00:00,35.2868,37.687039750588184,-2.4002397505881845
2016-05-24 15:00:00,41.528,42.491342455718296,-0.9633424557182977
2016-05-24 16:00:00,50.1697,46.68044963929301,3.48925036070699
2016-05-24 17:00:00,51.4899,47.97334808979438,3.516551910205621
2016-05-24 18:00:00,51.2499,49.04857878365267,2.201321216347324
2016-05-24 19:00:00,47.7692,47.43162183177434,0.33757816822565445
2016-05-24 20:00:00,47.0491,50.34895484331801,-3.299854843318009
2016-05-24 21:00:00,49.5696,50.974464892111826,-1.4048648921118243
2016-05-24 22:00:00,48.1293,51.36507594811541,-3.2357759481154105
2016-05-24 23:00:00,47.6492,51.228790871708235,-3.579590871708234
2016-05-25 00:00:00,46.2089,50.881513065843826,-4.6726130658438265
2016-05-25 01:00:00,38.0473,48.155978659788,-10.108678659787998
2016-05-25 02:00:00,44.8887,48.37753139755213,-3.488831397552133
2016-05-25 03:00:00,47.0491,47.71310276341254,-0.6640027634125403
2016-05-25 04:00:00,27.6053,35.063718378952906,-7.458418378952906
2016-05-25 05:00:00,20.644,19.95753454315375,0.6864654568462498
2016-05-25 06:00:00,20.1639,20.207839562467377,-0.04393956246737574
2016-05-25 07:00:00,20.1639,19.956084426708095,0.20781557329190647
2016-05-25 08:00:00,20.2839,20.105291158711026,0.17860884128897325
2016-05-25 09:00:00,20.2839,20.028380015102073,0.2555199848979264
2016-05-25 10:00:00,20.2839,19.809129183367325,0.47477081663267384
2016-05-25 11:00:00,20.4039,19.446535465404295,0.9573645345957047
2016-05-25 12:00:00,20.2839,19.47050128036791,0.8133987196320902
2016-05-25 13:00:00,20.644,26.614559441046794,-5.970559441046795
2016-05-25 14:00:00,20.764,24.143452353465815,-3.3794523534658154
2016-05-25 15:00:00,19.0837,20.675914793326175,-1.5922147933261748
2016-05-25 16:00:00,19.3237,17.894276524765036,1.4294234752349624
2016-05-25 17:00:00,19.6838,18.133182446192514,1.5506175538074878
2016-05-25 18:00:00,19.2037,17.777598422336304,1.4261015776636974
2016-05-25 19:00:00,19.0837,17.846849068913,1.2368509310870017
2016-05-25 20:00:00,19.2037,17.751320034110723,1.4523799658892784
2016-05-25 21:00:00,19.0837,17.99250119372643,1.091198806273571
2016-05-25 22:00:00,18.9637,18.30478757014005,0.6589124298599494
2016-05-25 23:00:00,18.9637,18.539239039421037,0.424460960578962
2016-05-26 00:00:00,18.8436,18.263137910688908,0.5804620893110908
2016-05-26 01:00:00,18.7236,18.346395881783064,0.37720411821693745
2016-05-26 02:00:00,20.2839,18.55800436551745,1.7258956344825478
2016-05-26 03:00:00,20.0439,19.240119089176016,0.8037809108239848
2016-05-26 04:00:00,20.2839,19.508675427789782,0.7752245722102167
2016-05-26 05:00:00,20.2839,19.264426723063053,1.019473276936946
2016-05-26 06:00:00,20.4039,19.25870521973202,1.1451947802679818
2016-05-26 07:00:00,20.524,20.151574251058122,0.37242574894187896
2016-05-26 08:00:00,20.1639,20.097205112693466,0.06669488730653583
2016-05-26 09:00:00,20.2839,19.978004924285266,0.3058950757147336
2016-05-26 10:00:00,20.1639,19.830073474530334,0.33382652546966796
2016-05-26 11:00:00,20.1639,19.633974941723682,0.5299250582763193
2016-05-26 12:00:00,20.2839,19.591009826626326,0.692890173373673
2016-05-26 13:00:00,20.1639,19.425901652228543,0.7379983477714589
2016-05-26 14:00:00,18.2435,19.382799473306523,-1.1392994733065223
2016-05-26 15:00:00,18.3635,18.854114991302442,-0.49061499130244357
2016-05-26 16:00:00,18.7236,18.839932764113286,-0.11633276411328453
2016-05-26 17:00:00,19.2037,18.87413446207506,0.3295655379249425
2016-05-26 18:00:00,19.4438,19.084439553033743,0.3593604469662566
2016-05-26 19:00:00,19.0837,19.051741501248195,0.031958498751805564
2016-05-26 20:00:00,19.0837,19.088435901232884,-0.004735901232884032
2016-05-26 21:00:00,19.3237,19.42888128687199,-0.1051812868719928
2016-05-26 22:00:00,18.9637,19.596312829967545,-0.6326128299675453
2016-05-26 23:00:00,18.9637,19.73675094891704,-0.7730509489170423
2016-05-27 00:00:00,18.9637,19.936321114527587,-0.9726211145275876
2016-05-27 01:00:00,20.524,19.791118111698218,0.7328818883017831
2016-05-27 02:00:00,20.1639,20.684856996492055,-0.5209569964920533
2016-05-27 03:00:00,20.2839,20.614682635166446,-0.3307826351664467
2016-05-27 04:00:00,20.4039,20.746007605653098,-0.34210760565309783
2016-05-27 05:00:00,20.2839,20.77848595541356,-0.4945859554135623
2016-05-27 06:00:00,20.2839,20.84709335116642,-0.5631933511664222
2016-05-27 07:00:00,20.4039,20.055889139885462,0.3480108601145382
2016-05-27 08:00:00,20.644,20.08807946402578,0.5559205359742201
2016-05-27 09:00:00,20.2839,20.719163181931968,-0.435263181931969
2016-05-27 10:00:00,20.2839,21.518797098210065,-1.234897098210066
2016-05-27 11:00:00,20.2839,21.214222623496994,-0.9303226234969948
2016-05-27 12:00:00,20.4039,21.602764977625153,-1.1988649776251528
2016-05-27 13:00:00,35.6469,36.704455394533994,-1.057555394533992
2016-05-27 14:00:00,41.1679,40.38418299519618,0.783717004803826
2016-05-27 15:00:00,40.6878,41.34799872335935,-0.6601987233593505
2016-05-27 16:00:00,43.6884,43.34131215226972,0.347087847730279
2016-05-27 17:00:00,44.0485,45.10804508154365,-1.0595450815436536
2016-05-27 18:00:00,43.5684,45.28105725693487,-1.7126572569348752
2016-05-27 19:00:00,45.8488,45.17877338928858,0.6700266107114174
2016-05-27 20:00:00,46.929,45.98098449192205,0.9480155080779511
2016-05-27 21:00:00,45.3688,47.02992667669343,-1.6611266766934278
2016-05-27 22:00:00,45.1287,47.004211808946714,-1.8755118089467118
2016-05-27 23:00:00,43.3283,47.10705695591326,-3.778756955913259
2016-05-28 00:00:00,40.2078,44.14746459457775,-3.9396645945777493
2016-05-28 01:00:00,38.8875,40.75791612791768,-1.8704161279176788
2016-05-28 02:00:00,39.0075,39.081505966194726,-0.07400596619472566
2016-05-28 03:00:00,37.2072,36.51938398909255,0.6878160109074472
2016-05-28 04:00:00,25.3249,25.537223838159466,-0.21232383815946676
2016-05-28 05:00:00,20.764,19.791207821906383,0.9727921780936164
2016-05-28 06:00:00,20.764,19.21656393174076,1.5474360682592376
2016-05-28 07:00:00,20.764,19.403535973354302,1.3604640266456975
2016-05-28 08:00:00,20.644,19.70305687296271,0.9409431270372899
2016-05-28 09:00:00,20.644,19.81793237660684,0.8260676233931576
2016-05-28 10:00:00,20.644,19.760582094482047,0.8834179055179519
2016-05-28 11:00:00,20.644,19.772800744774614,0.8711992552253847
2016-05-28 12:00:00,20.524,20.17130701377236,0.3526929862276411
2016-05-28 13:00:00,30.966,32.781310189750386,-1.8153101897503845
2016-05-28 14:00:00,33.0064,34.74940339745215,-1.7430033974521493
2016-05-28 15:00:00,39.9677,38.370793776080596,1.5969062239194045
2016-05-28 16:00:00,43.0883,41.58858684583986,1.4997131541601334
2016-05-28 17:00:00,44.6486,42.87449101951308,1.774108980486922
2016-05-28 18:00:00,46.569,43.80653975837502,2.7624602416249857
2016-05-28 19:00:00,46.3289,44.92820085570297,1.400699144297029
2016-05-28 20:00:00,47.7692,44.90902089553844,2.860179104461558
2016-05-28 21:00:00,48.0093,45.65907611140272,2.3502238885972844
2016-05-28 22:00:00,57.8512,45.387345166949835,12.463854833050164
2016-05-28 23:00:00,50.2897,44.82496885422041,5.464731145779595
2016-05-29 00:00:00,48.6094,42.0813584084909,6.528041591509101
2016-05-29 01:00:00,43.2083,39.93857425183692,3.269725748163083
2016-05-29 02:00:00,42.6082,40.195639609911304,2.412560390088693
2016-05-29 03:00:00,47.4092,40.14788368681035,7.261316313189646
2016-05-29 04:00:00,27.2453,25.57415027666385,1.6711497233361499
2016-05-29 05:00:00,20.644,19.060941107323153,1.5830588926768456
2016-05-29 06:00:00,21.004,19.0395384933414,1.9644615066586013
2016-05-29 07:00:00,20.644,19.14227515708373,1.5017248429162677
2016-05-29 08:00:00,20.764,19.299830612397123,1.464169387602876
2016-05-29 09:00:00,20.644,19.35260522966056,1.291394770339437
2016-05-29 10:00:00,20.644,19.281991332205244,1.362008667794754
2016-05-29 11:00:00,20.644,19.336057010433336,1.307942989566662
2016-05-29 12:00:00,20.644,19.768267487982,0.8757325120179971
2016-05-29 13:00:00,29.5257,29.896893271407443,-0.3711932714074422
2016-05-29 14:00:00,31.206,33.756725742079006,-2.550725742079006
2016-05-29 15:00:00,38.2874,39.65204854040198,-1.36464854040198
2016-05-29 16:00:00,43.2083,43.900271166851745,-0.6919711668517436
2016-05-29 17:00:00,51.97,44.93382515313785,7.036174846862146
2016-05-29 18:00:00,52.8102,46.14310657131445,6.667093428685554
2016-05-29 19:00:00,52.5701,45.6956272736723,6.874472726327696
2016-05-29 20:00:00,56.1708,45.77611159678273,10.394688403217273
2016-05-29 21:00:00,58.3313,46.086589603291856,12.244710396708143
2016-05-29 22:00:00,62.8921,48.463817832405475,14.428282167594524
2016-05-29 23:00:00,60.1316,47.8621552710826,12.2694447289174
2016-05-30 00:00:00,56.4109,45.28934336964117,11.121556630358825
2016-05-30 01:00:00,57.25100000000001,43.27364910982608,13.97735089017393
2016-05-30 02:00:00,53.7704,42.49076166956998,11.279638330430025
2016-05-30 03:00:00,48.4894,42.614839359762385,5.874560640237618
2016-05-30 04:00:00,28.8056,36.488729702084015,-7.683129702084017
2016-05-30 05:00:00,20.644,19.03528911318782,1.6087108868121796
2016-05-30 06:00:00,20.524,19.02957608661247,1.494423913387532
2016-05-30 07:00:00,20.764,19.161473547402544,1.6025264525974556
2016-05-30 08:00:00,20.524,19.283593828685962,1.2404061713140386
2016-05-30 09:00:00,20.2839,19.17554891102601,1.1083510889739898
2016-05-30 10:00:00,20.4039,19.15044551380503,1.253454486194972
2016-05-30 11:00:00,20.524,19.112747253313962,1.4112527466860385
2016-05-30 12:00:00,20.2839,19.092444869511453,1.1914551304885457
2016-05-30 13:00:00,30.4859,28.17502622965158,2.3108737703484223
2016-05-30 14:00:00,35.4068,34.39697796097027,1.0098220390297286
2016-05-30 15:00:00,42.1281,40.85150883194024,1.2765911680597668
2016-05-30 16:00:00,46.929,44.294148900697,2.634851099302999
2016-05-30 17:00:00,54.6105,49.07126214990274,5.539237850097258
2016-05-30 18:00:00,58.0912,50.93578720251236,7.155412797487642
2016-05-30 19:00:00,59.6515,47.512753428987644,12.138746571012355
2016-05-30 20:00:00,54.7306,50.276540744835756,4.454059255164246
2016-05-30 21:00:00,56.89100000000001,51.540426900993815,5.350573099006198
2016-05-30 22:00:00,62.8921,52.05346156627662,10.838638433723382
2016-05-30 23:00:00,57.8512,51.374318415601856,6.476881584398143
2016-05-31 00:00:00,48.3693,50.50451183304222,-2.13521183304222
2016-05-31 01:00:00,47.1691,48.482477877224675,-1.3133778772246743
2016-05-31 02:00:00,51.6099,48.33095493802131,3.278945061978696
2016-05-31 03:00:00,48.4894,47.41848444200488,1.0709155579951215
2016-05-31 04:00:00,27.3653,35.39342619806925,-8.028126198069248
2016-05-31 05:00:00,20.4039,19.8008290803568,0.6030709196432014
2016-05-31 06:00:00,20.644,20.095599139090844,0.5484008609091546
2016-05-31 07:00:00,20.764,19.856827767942818,0.9071722320571816
2016-05-31 08:00:00,20.524,19.88109648056837,0.6429035194316306
2016-05-31 09:00:00,20.644,19.73252829336238,0.9114717066376201
2016-05-31 10:00:00,20.524,19.565904634136835,0.9580953658631657
2016-05-31 11:00:00,20.644,19.34654773130213,1.2974522686978673
2016-05-31 12:00:00,20.524,19.290870477327847,1.2331295226721544
2016-05-31 13:00:00,29.4057,27.243211068338322,2.1624889316616773
2016-05-31 14:00:00,32.2862,35.68798456540998,-3.401784565409976
2016-05-31 15:00:00,33.6065,43.28963758474421,-9.683137584744216
2016-05-31 16:00:00,36.247,46.79496663647921,-10.54796663647921
2016-05-31 17:00:00,36.367,51.91450695944868,-15.547506959448683
2016-05-31 18:00:00,36.0069,55.46280036821371,-19.45590036821371
2016-05-31 19:00:00,35.6469,54.870483530045,-19.223583530044998
2016-05-31 20:00:00,34.5667,52.29724396462279,-17.73054396462279
2016-05-31 21:00:00,32.5263,52.86483573970563,-20.338535739705634
2016-05-31 22:00:00,28.9256,52.59815169010147,-23.672551690101468
2016-05-31 23:00:00,27.1252,52.00156812277067,-24.87636812277067
2016-06-01 00:00:00,29.4057,47.00963726850587,-17.60393726850587
2016-06-01 01:00:00,30.4859,46.95684605792219,-16.47094605792219
2016-06-01 02:00:00,30.1258,48.04230957234474,-17.91650957234474
2016-06-01 03:00:00,28.0854,46.92100041081162,-18.835600410811622
2016-06-01 04:00:00,24.0046,35.48463794491097,-11.480037944910972
2016-06-01 05:00:00,22.0842,19.8099409463101,2.2742590536898994
2016-06-01 06:00:00,22.2043,19.277546187369108,2.926753812630892
2016-06-01 07:00:00,22.3243,20.039260993280415,2.285039006719586
2016-06-01 08:00:00,22.2043,19.782439597056214,2.4218604029437856
2016-06-01 09:00:00,22.6844,19.59800320968385,3.086396790316151
2016-06-01 10:00:00,22.3243,19.579624158841572,2.744675841158429
2016-06-01 11:00:00,22.2043,19.216439567920762,2.9878604320792377
2016-06-01 12:00:00,21.8442,19.198339737890638,2.6458602621093625
2016-06-01 13:00:00,21.7242,26.70676353721494,-4.98256353721494
2016-06-01 14:00:00,19.6838,23.17048559089787,-3.486685590897867
2016-06-01 15:00:00,20.4039,21.17553014104261,-0.7716301410426105
2016-06-01 16:00:00,20.764,18.34478641504683,2.4192135849531695
2016-06-01 17:00:00,21.004,19.41420496385717,1.5897950361428315
2016-06-01 18:00:00,20.764,20.93549150686817,-0.17149150686817194
2016-06-01 19:00:00,21.004,22.187682711887373,-1.1836827118873714
2016-06-01 20:00:00,20.764,23.01957170022799,-2.255571700227989
2016-06-01 21:00:00,20.884,23.359638278202805,-2.475638278202805
2016-06-01 22:00:00,21.1241,23.037702766990957,-1.9136027669909588
2016-06-01 23:00:00,20.644,24.19137940961859,-3.5473794096185927
2016-06-02 00:00:00,20.524,25.02718831038636,-4.50318831038636
2016-06-02 01:00:00,22.2043,24.030112788323958,-1.825812788323958
2016-06-02 02:00:00,22.0842,25.26179877714441,-3.1775987771444107
2016-06-02 03:00:00,22.2043,27.670189057995866,-5.4658890579958666
2016-06-02 04:00:00,22.3243,35.01514320810165,-12.690843208101647
2016-06-02 05:00:00,22.6844,34.850111333769995,-12.165711333769995
2016-06-02 06:00:00,21.8442,34.15462336362114,-12.31042336362114
2016-06-02 07:00:00,21.7242,20.52150678785249,1.2026932121475085
2016-06-02 08:00:00,21.6042,20.371611770109816,1.2325882298901831
2016-06-02 09:00:00,21.7242,20.334066024626637,1.390133975373363
2016-06-02 10:00:00,21.2441,20.245167695265305,0.9989323047346943
2016-06-02 11:00:00,21.2441,20.18296402459824,1.0611359754017613
2016-06-02 12:00:00,20.884,20.200214817345874,0.6837851826541268
2016-06-02 13:00:00,20.884,20.181119468314826,0.7028805316851745
2016-06-02 14:00:00,18.8436,19.831380951821956,-0.9877809518219571
2016-06-02 15:00:00,18.9637,20.070088728322695,-1.1063887283226954
2016-06-02 16:00:00,19.2037,20.141182536785667,-0.9374825367856658
2016-06-02 17:00:00,19.3237,20.0864685975752,-0.762768597575203
2016-06-02 18:00:00,19.6838,20.150501001319242,-0.4667010013192403
2016-06-02 19:00:00,19.6838,20.315933676274533,-0.6321336762745311
2016-06-02 20:00:00,19.6838,20.390857051375544,-0.7070570513755428
2016-06-02 21:00:00,20.0439,20.461327952699705,-0.417427952699704
2016-06-02 22:00:00,19.9238,20.535290011886374,-0.6114900118863744
2016-06-02 23:00:00,19.6838,20.54725908431746,-0.8634590843174585
2016-06-03 00:00:00,20.0439,20.577262834763673,-0.5333628347636719
2016-06-03 01:00:00,21.3641,20.569487128888586,0.7946128711114149
2016-06-03 02:00:00,21.3641,20.633163028969662,0.7309369710303386
2016-06-03 03:00:00,21.3641,20.642458706427302,0.7216412935726986
2016-06-03 04:00:00,21.4842,20.82611487997682,0.6580851200231805
2016-06-03 05:00:00,21.3641,20.622850414260668,0.7412495857393324
2016-06-03 06:00:00,20.884,20.680449507892934,0.2035504921070661
2016-06-03 07:00:00,22.5644,27.909183835275723,-5.344783835275724
2016-06-03 08:00:00,20.884,31.21286969391261,-10.328869693912608
2016-06-03 09:00:00,20.764,29.990972067427425,-9.226972067427425
2016-06-03 10:00:00,20.764,28.67700725205426,-7.9130072520542605
2016-06-03 11:00:00,21.004,29.538987495948742,-8.53498749594874
2016-06-03 12:00:00,21.2441,34.202462248667175,-12.958362248667175
2016-06-03 13:00:00,28.5655,36.82149940608121,-8.255999406081209
2016-06-03 14:00:00,29.8858,38.7036014747205,-8.8178014747205
2016-06-03 15:00:00,34.9267,39.618302976177645,-4.6916029761776485
2016-06-03 16:00:00,42.1281,39.843148019999425,2.284951980000578
2016-06-03 17:00:00,40.8079,40.50756865521266,0.30033134478733814
2016-06-03 18:00:00,35.5269,41.121622869137006,-5.594722869137009
2016-06-03 19:00:00,39.1276,40.74271971255326,-1.615119712553259
2016-06-03 20:00:00,40.5678,40.53387940661754,0.03392059338246156
2016-06-03 21:00:00,43.3283,40.56933914018981,2.7589608598101876
2016-06-03 22:00:00,41.1679,40.27552154002157,0.8923784599784312
2016-06-03 23:00:00,39.9677,39.266762914866334,0.7009370851336669
2016-06-04 00:00:00,35.5269,37.65500082766656,-2.1281008276665645
2016-06-04 01:00:00,32.1662,32.990796053678885,-0.8245960536788814
2016-06-04 02:00:00,32.1662,28.21990085508903,3.9462991449109737
2016-06-04 03:00:00,32.7663,26.929815141531925,5.836484858468076
2016-06-04 04:00:00,24.6047,24.81636353016701,-0.21166353016700867
2016-06-04 05:00:00,20.644,22.963605912757565,-2.3196059127575666
2016-06-04 06:00:00,20.4039,22.92199817094053,-2.5180981709405295
2016-06-04 07:00:00,20.524,19.448669931917724,1.0753300680822768
2016-06-04 08:00:00,20.524,19.69936324955004,0.8246367504499617
2016-06-04 09:00:00,20.884,19.78534689178487,1.0986531082151316
2016-06-04 10:00:00,20.644,19.74086637618154,0.9031336238184586
2016-06-04 11:00:00,20.644,19.75508419755732,0.8889158024426784
2016-06-04 12:00:00,20.644,20.161445328177003,0.48255467182299583
2016-06-04 13:00:00,28.2054,32.17884487712501,-3.973444877125008
2016-06-04 14:00:00,31.4461,34.13875838846534,-2.6926583884653397
2016-06-04 15:00:00,36.0069,37.72614083845332,-1.7192408384533167
2016-06-04 16:00:00,39.0075,41.961781108706525,-2.9542811087065246
2016-06-04 17:00:00,41.528,43.27452507872201,-1.7465250787220086
2016-06-04 18:00:00,42.8483,43.82903033130745,-0.9807303313074485
2016-06-04 19:00:00,44.7686,44.58344818569275,0.1851518143072468
2016-06-04 20:00:00,45.4888,43.85868477289857,1.6301152271014274
2016-06-04 21:00:00,44.0485,45.281432042448266,-1.2329320424482688
2016-06-04 22:00:00,42.9683,45.102727329947236,-2.1344273299472363
2016-06-04 23:00:00,40.3278,44.44924787905282,-4.121447879052816
2016-06-05 00:00:00,40.9279,40.8063998711496,0.12150012885039985
2016-06-05 01:00:00,36.8471,36.7667180200514,0.08038197994859786
2016-06-05 02:00:00,40.4478,36.93965920038933,3.508140799610672
2016-06-05 03:00:00,37.6873,36.94561618461984,0.7416838153801635
2016-06-05 04:00:00,25.6849,24.556955881349644,1.1279441186503547
2016-06-05 05:00:00,20.644,19.558755428138273,1.0852445718617254
2016-06-05 06:00:00,21.1241,19.36756354017141,1.7565364598285882
2016-06-05 07:00:00,20.884,19.453585481563024,1.4304145184369759
2016-06-05 08:00:00,20.764,19.730620555481547,1.0333794445184523
2016-06-05 09:00:00,20.644,19.777025746818737,0.8669742531812616
2016-06-05 10:00:00,20.764,19.756950270759052,1.007049729240947
2016-06-05 11:00:00,20.764,19.769049932391304,0.9949500676086949
2016-06-05 12:00:00,20.884,20.17695020433659,0.7070497956634121
2016-06-05 13:00:00,31.086,31.778767579642427,-0.6927675796424282
2016-06-05 14:00:00,37.5672,33.68826616518734,3.8789338348126563
2016-06-05 15:00:00,43.2083,38.02460237167386,5.183697628326144
2016-06-05 16:00:00,48.3693,41.945893420667474,6.423406579332529
2016-06-05 17:00:00,47.8892,43.34488891201221,4.5443110879877935
2016-06-05 18:00:00,51.1299,44.286038556349446,6.843861443650553
2016-06-05 19:00:00,54.6105,45.6470970861582,8.963402913841804
2016-06-05 20:00:00,58.8113,45.3242686221859,13.487031377814105
2016-06-05 21:00:00,57.9712,45.45278930763921,12.518410692360796
2016-06-05 22:00:00,63.2522,45.48326543058476,17.768934569415244
2016-06-05 23:00:00,61.5719,44.6586747306553,16.9132252693447
2016-06-06 00:00:00,53.5303,42.42795869221566,11.102341307784336
2016-06-06 01:00:00,54.1304,39.112798859632925,15.017601140367077
2016-06-06 02:00:00,58.6913,40.611617098310326,18.079682901689672
2016-06-06 03:00:00,61.6919,40.00650097986104,21.68539902013896
2016-06-06 04:00:00,37.0872,25.20439172409413,11.882808275905873
2016-06-06 05:00:00,31.9262,19.140209136118926,12.785990863881075
2016-06-06 06:00:00,33.6065,19.02459439347119,14.581905606528807
2016-06-06 07:00:00,33.0064,19.260177589972237,13.746222410027762
2016-06-06 08:00:00,33.3664,19.355404997302642,14.010995002697356
2016-06-06 09:00:00,34.0866,19.354155837380063,14.732444162619935
2016-06-06 10:00:00,34.3266,19.35811252398606,14.96848747601394
2016-06-06 11:00:00,33.9665,19.339184289658196,14.627315710341808
2016-06-06 12:00:00,35.4068,19.753835929273446,15.65296407072655
2016-06-06 13:00:00,74.7744,29.962242325965676,44.812157674034324
2016-06-06 14:00:00,87.6169,34.54314454350163,53.07375545649837
2016-06-06 15:00:00,84.7364,40.032093672970305,44.7043063270297
2016-06-06 16:00:00,81.1357,43.797640838153576,37.338059161846424
2016-06-06 17:00:00,73.4542,45.44683608703229,28.007363912967712
2016-06-06 18:00:00,73.0941,48.8429909613712,24.251109038628798
2016-06-06 19:00:00,65.4126,50.7731371346261,14.6394628653739
2016-06-06 20:00:00,66.8529,51.271330257281164,15.581569742718841
2016-06-06 21:00:00,69.4934,51.31817898318009,18.175221016819904
2016-06-06 22:00:00,73.3342,51.77793711570623,21.556262884293766
2016-06-06 23:00:00,74.2943,51.72947190061477,22.564828099385238
2016-06-07 00:00:00,67.8131,51.06018469975454,16.75291530024547
2016-06-07 01:00:00,65.4126,48.71607245669033,16.69652754330967
2016-06-07 02:00:00,64.5725,48.62617383916164,15.946326160838368
2016-06-07 03:00:00,67.0929,48.48583927810498,18.607060721895017
2016-06-07 04:00:00,32.8863,40.242927978180745,-7.356627978180747
2016-06-07 05:00:00,20.764,30.592497117876633,-9.828497117876633
2016-06-07 06:00:00,20.644,31.777367804372034,-11.133367804372035
2016-06-07 07:00:00,20.644,33.09662184608162,-12.45262184608162
2016-06-07 08:00:00,20.4039,32.94045022146027,-12.536550221460267
2016-06-07 09:00:00,20.4039,32.49123782193717,-12.087337821937169
2016-06-07 10:00:00,20.2839,32.80061996324282,-12.516719963242824
2016-06-07 11:00:00,20.2839,31.962054782511473,-11.678154782511474
2016-06-07 12:00:00,20.2839,32.721828195936986,-12.437928195936987
2016-06-07 13:00:00,42.4882,35.38048524229763,7.107714757702368
2016-06-07 14:00:00,55.9308,37.24184942082799,18.68895057917201
2016-06-07 15:00:00,59.5315,37.7114631646198,21.8200368353802
2016-06-07 16:00:00,62.412,41.73722127337286,20.67477872662714
2016-06-07 17:00:00,44.8887,43.56994857563231,1.31875142436769
2016-06-07 18:00:00,57.8512,47.28809285740294,10.563107142597062
2016-06-07 19:00:00,56.89100000000001,50.72975170791612,6.16124829208389
2016-06-07 20:00:00,67.9331,54.97059939396744,12.962500606032556
2016-06-07 21:00:00,64.2124,53.38476256800638,10.827637431993622
2016-06-07 22:00:00,60.7317,53.40305719223512,7.328642807764879
2016-06-07 23:00:00,59.1714,52.71014242524925,6.461257574750746
2016-06-08 00:00:00,53.4103,50.186826234376916,3.2234737656230834
2016-06-08 01:00:00,52.9302,47.72260965146017,5.207590348539831
2016-06-08 02:00:00,48.4894,46.36688664800859,2.122513351991415
2016-06-08 03:00:00,47.4092,43.7859891811923,3.6232108188076992
2016-06-08 04:00:00,25.0849,31.129031746152876,-6.044131746152875
2016-06-08 05:00:00,17.1633,22.29702545217312,-5.13372545217312
2016-06-08 06:00:00,16.6832,21.509991298776228,-4.826791298776229
2016-06-08 07:00:00,16.6832,21.527651850668864,-4.8444518506688645
2016-06-08 08:00:00,16.6832,20.631517450452257,-3.948317450452258
2016-06-08 09:00:00,16.6832,20.249538111201307,-3.5663381112013077
2016-06-08 10:00:00,16.6832,20.14583965140703,-3.462639651407031
2016-06-08 11:00:00,16.5632,19.691308760479338,-3.128108760479339
2016-06-08 12:00:00,16.8033,19.606401322523396,-2.8031013225233963
2016-06-08 13:00:00,16.6832,31.664255458453763,-14.981055458453763
2016-06-08 14:00:00,14.6428,32.68265769255209,-18.03985769255209
2016-06-08 15:00:00,15.1229,26.420907783954206,-11.298007783954207
2016-06-08 16:00:00,15.9631,20.187942828488485,-4.224842828488484
2016-06-08 17:00:00,15.723,18.72270564679914,-2.999705646799141
2016-06-08 18:00:00,15.483,19.49122075885638,-4.008220758856378
2016-06-08 19:00:00,15.603,20.479852227258377,-4.876852227258377
2016-06-08 20:00:00,15.603,20.440440450734833,-4.837440450734833
2016-06-08 21:00:00,15.8431,21.275459786606305,-5.432359786606305
2016-06-08 22:00:00,15.8431,25.937240912038334,-10.094140912038334
2016-06-08 23:00:00,15.8431,23.93642811988741,-8.09332811988741
2016-06-09 00:00:00,15.9631,23.300070259358037,-7.336970259358036
2016-06-09 01:00:00,17.4033,22.325157127775505,-4.921857127775503
2016-06-09 02:00:00,17.5234,23.27857888487033,-5.7551788848703325
2016-06-09 03:00:00,17.4033,24.109507722034124,-6.706207722034122
2016-06-09 04:00:00,17.4033,19.740739163877116,-2.3374391638771144
2016-06-09 05:00:00,17.6434,19.187974645755187,-1.544574645755187
2016-06-09 06:00:00,17.2833,19.083056910635182,-1.7997569106351818
2016-06-09 07:00:00,17.4033,18.028545599388835,-0.6252455993888333
2016-06-09 08:00:00,17.2833,17.184598115141554,0.09870188485844622
2016-06-09 09:00:00,17.4033,16.942265080813694,0.46103491918630723
2016-06-09 10:00:00,17.4033,16.859678580121443,0.5436214198785585
2016-06-09 11:00:00,17.5234,16.798980374224872,0.724419625775127
2016-06-09 12:00:00,17.4033,16.80004554949577,0.603254450504231
2016-06-09 13:00:00,17.2833,16.892183591003462,0.3911164089965382
2016-06-09 14:00:00,15.483,17.074407116607098,-1.5914071166070975
2016-06-09 15:00:00,15.8431,16.990527217037133,-1.1474272170371336
2016-06-09 16:00:00,16.0831,16.891929337622127,-0.8088293376221252
2016-06-09 17:00:00,16.6832,17.06877271823746,-0.3855727182374622
2016-06-09 18:00:00,16.4432,17.193685628125312,-0.7504856281253112
2016-06-09 19:00:00,16.4432,17.16508715663288,-0.721887156632878
2016-06-09 20:00:00,16.0831,17.256611314125834,-1.1735113141258324
2016-06-09 21:00:00,15.9631,17.303831905423014,-1.340731905423013
2016-06-09 22:00:00,16.0831,17.561685932478518,-1.4785859324785164
2016-06-09 23:00:00,15.9631,17.653565052997077,-1.6904650529970766
2016-06-10 00:00:00,15.9631,17.74957935147024,-1.7864793514702377
2016-06-10 01:00:00,17.5234,18.472394307118304,-0.9489943071183049
2016-06-10 02:00:00,17.5234,18.933022252541182,-1.4096222525411832
2016-06-10 03:00:00,17.5234,19.38709293466744,-1.8636929346674407
2016-06-10 04:00:00,17.4033,19.31763729646975,-1.9143372964697498
2016-06-10 05:00:00,17.7634,19.233550297884502,-1.4701502978845014
2016-06-10 06:00:00,17.2833,19.200539646695805,-1.9172396466958048
2016-06-10 07:00:00,17.2833,20.118565958726027,-2.8352659587260263
2016-06-10 08:00:00,17.4033,20.201622910023637,-2.7983229100236358
2016-06-10 09:00:00,17.2833,20.177444024778964,-2.8941440247789636
2016-06-10 10:00:00,17.5234,20.162066224183725,-2.6386662241837264
2016-06-10 11:00:00,17.2833,20.19642293888153,-2.9131229388815285
2016-06-10 12:00:00,17.5234,20.281930409783996,-2.7585304097839973
2016-06-10 13:00:00,33.8465,33.99010785316722,-0.14360785316721802
2016-06-10 14:00:00,41.7681,35.988911580351676,5.779188419648321
2016-06-10 15:00:00,48.0093,38.09351244597881,9.915787554021193
2016-06-10 16:00:00,54.3705,41.94059327799491,12.429906722005093
2016-06-10 17:00:00,55.2106,45.23080126964051,9.97979873035949
2016-06-10 18:00:00,52.6902,44.945986718544155,7.744213281455842
2016-06-10 19:00:00,51.6099,46.30688092872569,5.3030190712743135
2016-06-10 20:00:00,55.3307,47.18528494357803,8.145415056421967
2016-06-10 21:00:00,55.3307,46.68106573320435,8.649634266795651
2016-06-10 22:00:00,51.3699,45.672416275749086,5.697483724250915
2016-06-10 23:00:00,54.9706,45.127355953138064,9.843244046861933
2016-06-11 00:00:00,45.4888,44.68578980259938,0.8030101974006172
2016-06-11 01:00:00,42.4882,43.227175535010765,-0.7389755350107663
2016-06-11 02:00:00,38.6474,39.93743692878204,-1.290036928782044
2016-06-11 03:00:00,44.4086,37.89559310609144,6.51300689390856
2016-06-11 04:00:00,23.7646,27.653911341687444,-3.889311341687442
2016-06-11 05:00:00,17.7634,20.301334247621888,-2.5379342476218874
2016-06-11 06:00:00,17.6434,19.749358553728356,-2.1059585537283567
2016-06-11 07:00:00,18.0035,20.193663054288344,-2.1901630542883446
2016-06-11 08:00:00,16.5632,20.355125964512098,-3.7919259645120995
2016-06-11 09:00:00,17.5234,20.64425859624113,-3.1208585962411313
2016-06-11 10:00:00,17.4033,21.274540359614846,-3.871240359614845
2016-06-11 11:00:00,17.0433,20.556028383333842,-3.512728383333844
2016-06-11 12:00:00,16.6832,22.512877165460694,-5.829677165460694
2016-06-11 13:00:00,28.5655,32.9722484079806,-4.406748407980601
2016-06-11 14:00:00,39.1276,36.31349930123883,2.814100698761173
2016-06-11 15:00:00,45.8488,39.02513963700501,6.8236603629949855
2016-06-11 16:00:00,52.8102,48.28423822114682,4.52596177885318
2016-06-11 17:00:00,54.2505,52.493114304464164,1.757385695535838
2016-06-11 18:00:00,57.8512,51.4962736337483,6.354926366251696
2016-06-11 19:00:00,56.6509,48.93207945126603,7.718820548733973
2016-06-11 20:00:00,60.3717,52.70866169808752,7.663038301912479
2016-06-11 21:00:00,66.8529,53.00109496938231,13.851805030617697
2016-06-11 22:00:00,68.4132,52.356040777425726,16.057159222574278
2016-06-11 23:00:00,67.0929,52.57941039601541,14.513489603984588
2016-06-12 00:00:00,57.8512,47.393995102103084,10.457204897896915
2016-06-12 01:00:00,51.6099,44.92875881122661,6.681141188773395
2016-06-12 02:00:00,51.6099,43.139747471713044,8.47015252828696
2016-06-12 03:00:00,52.2101,43.53891200804109,8.67118799195891
2016-06-12 04:00:00,27.8454,26.929558497851186,0.9158415021488153
2016-06-12 05:00:00,19.0837,18.972130261826038,0.11156973817396221
2016-06-12 06:00:00,18.7236,19.057564094463732,-0.333964094463731
2016-06-12 07:00:00,18.8436,19.031036922402293,-0.18743692240229493
2016-06-12 08:00:00,18.9637,19.260925803296626,-0.2972258032966266
2016-06-12 09:00:00,18.7236,19.46960319838859,-0.7460031983885891
2016-06-12 10:00:00,18.8436,19.110649588263183,-0.26704958826318403
2016-06-12 11:00:00,18.8436,19.35136478619019,-0.5077647861901902
2016-06-12 12:00:00,18.8436,19.269698690037828,-0.4260986900378292
2016-06-12 13:00:00,29.8858,30.009578868567765,-0.12377886856776499
2016-06-12 14:00:00,39.6076,35.833831989045244,3.773768010954754
2016-06-12 15:00:00,47.5292,41.694089737471515,5.835110262528488
2016-06-12 16:00:00,51.3699,50.47296501736247,0.8969349826375321
2016-06-12 17:00:00,54.4905,53.62006705199006,0.8704329480099346
2016-06-12 18:00:00,56.2909,56.79515294548996,-0.5042529454899594
2016-06-12 19:00:00,51.97,56.019779496384835,-4.049779496384836
2016-06-12 20:00:00,49.8096,55.87196603371393,-6.0623660337139285
2016-06-12 21:00:00,54.1304,56.24297081937965,-2.1125708193796484
2016-06-12 22:00:00,48.6094,55.83827787008616,-7.2288778700861585
2016-06-12 23:00:00,38.2874,54.97978890384683,-16.692388903846833
2016-06-13 00:00:00,38.8875,53.088244906176925,-14.200744906176922
2016-06-13 01:00:00,44.8887,52.53404451871293,-7.645344518712932
2016-06-13 02:00:00,48.4894,52.37294223840532,-3.883542238405319
2016-06-13 03:00:00,50.5297,51.97040552716154,-1.4407055271615405
2016-06-13 04:00:00,25.2049,35.289190479936934,-10.084290479936936
2016-06-13 05:00:00,15.9631,19.368466380989297,-3.405366380989296
2016-06-13 06:00:00,16.0831,19.3802968370139,-3.2971968370138995
2016-06-13 07:00:00,16.0831,19.342711833716073,-3.2596118337160718
2016-06-13 08:00:00,16.2031,19.316583275793747,-3.1134832757937474
2016-06-13 09:00:00,16.2031,19.53470222554937,-3.3316022255493714
2016-06-13 10:00:00,16.0831,19.41207549958933,-3.3289754995893297
2016-06-13 11:00:00,16.0831,19.119886305028714,-3.0367863050287127
2016-06-13 12:00:00,16.2031,18.87839351333462,-2.675293513334619
2016-06-13 13:00:00,16.2031,28.679004154551762,-12.475904154551763
2016-06-13 14:00:00,14.4028,38.87628752733281,-24.473487527332814
2016-06-13 15:00:00,14.7628,46.0561506683463,-31.2933506683463
2016-06-13 16:00:00,14.2828,50.00134889263147,-35.71854889263147
2016-06-13 17:00:00,14.5228,53.737338101734046,-39.21453810173405
2016-06-13 18:00:00,14.2828,56.7133113321822,-42.4305113321822
2016-06-13 19:00:00,14.4028,50.082168741941494,-35.679368741941495
2016-06-13 20:00:00,15.603,49.51119549731484,-33.908195497314836
2016-06-13 21:00:00,15.2429,50.06919026975911,-34.82629026975911
2016-06-13 22:00:00,14.7628,50.49866008473081,-35.73586008473081
2016-06-13 23:00:00,14.5228,45.64234054927998,-31.11954054927998
2016-06-14 00:00:00,14.8829,42.01414092855531,-27.131240928555307
2016-06-14 01:00:00,16.3231,45.89378015260418,-29.57068015260418
2016-06-14 02:00:00,16.3231,48.068543414031275,-31.745443414031275
2016-06-14 03:00:00,16.5632,48.06219860876169,-31.498998608761692
2016-06-14 04:00:00,16.0831,27.765818207005008,-11.682718207005006
2016-06-14 05:00:00,16.2031,18.878660781920047,-2.6755607819200478
2016-06-14 06:00:00,16.2031,18.84779120411232,-2.64469120411232
2016-06-14 07:00:00,16.5632,19.13051249628189,-2.567312496281893
2016-06-14 08:00:00,16.4432,19.28044582233443,-2.8372458223344275
2016-06-14 09:00:00,16.3231,19.430048586112942,-3.1069485861129422
2016-06-14 10:00:00,16.3231,19.221065949580023,-2.8979659495800227
2016-06-14 11:00:00,16.2031,19.098444060209122,-2.8953440602091227
2016-06-14 12:00:00,16.0831,18.88060707489231,-2.7975070748923088
2016-06-14 13:00:00,25.6849,23.55114406345956,2.133755936540439
2016-06-14 14:00:00,29.2856,37.569619721421375,-8.284019721421377
2016-06-14 15:00:00,34.8067,41.64404947833118,-6.837349478331184
2016-06-14 16:00:00,37.3272,41.875778973412736,-4.548578973412738
2016-06-14 17:00:00,37.8073,42.05309232833697,-4.245792328336975
2016-06-14 18:00:00,39.1276,42.8488809515894,-3.7212809515893994
2016-06-14 19:00:00,40.4478,43.21883626138899,-2.7710362613889856
2016-06-14 20:00:00,44.7686,44.16647472675698,0.6021252732430185
2016-06-14 21:00:00,40.6878,44.43910798233056,-3.751307982330559
2016-06-14 22:00:00,39.8477,43.30192244794768,-3.4542224479476786
2016-06-14 23:00:00,45.3688,40.875337215281505,4.493462784718496
2016-06-15 00:00:00,48.1293,37.59549281655654,10.533807183443457
2016-06-15 01:00:00,48.6094,35.45295948080237,13.15644051919763
2016-06-15 02:00:00,54.1304,33.39535562443626,20.73504437556374
2016-06-15 03:00:00,53.6503,32.11270631388967,21.537593686110334
2016-06-15 04:00:00,25.4449,27.42237960415483,-1.97747960415483
2016-06-15 05:00:00,16.4432,19.88271754221264,-3.439517542212638
2016-06-15 06:00:00,16.0831,20.20880599937541,-4.125705999375409
2016-06-15 07:00:00,16.2031,20.323008730367395,-4.119908730367396
2016-06-15 08:00:00,16.2031,20.276507596724837,-4.073407596724838
2016-06-15 09:00:00,16.3231,20.604343626891968,-4.281243626891968
2016-06-15 10:00:00,16.3231,20.900704489003015,-4.577604489003015
2016-06-15 11:00:00,16.3231,20.50080233765837,-4.177702337658371
2016-06-15 12:00:00,16.2031,23.269634112386793,-7.066534112386794
2016-06-15 13:00:00,16.3231,28.192552396343505,-11.869452396343505
2016-06-15 14:00:00,14.7628,30.87954288711352,-16.116742887113517
2016-06-15 15:00:00,14.2828,25.37245803766674,-11.089658037666739
2016-06-15 16:00:00,14.2828,21.676112855240454,-7.393312855240454
2016-06-15 17:00:00,14.4028,21.114372061718594,-6.711572061718595
2016-06-15 18:00:00,14.5228,22.962570419330245,-8.439770419330245
2016-06-15 19:00:00,14.7628,22.009517078950562,-7.246717078950562
2016-06-15 20:00:00,14.6428,21.660556625731942,-7.017756625731943
2016-06-15 21:00:00,14.5228,21.53739195675404,-7.014591956754039
2016-06-15 22:00:00,14.4028,21.87730183762077,-7.474501837620771
2016-06-15 23:00:00,14.4028,22.685524859580177,-8.282724859580178
2016-06-16 00:00:00,14.6428,23.318496584008308,-8.675696584008309
2016-06-16 01:00:00,16.3231,22.807103722757496,-6.484003722757496
2016-06-16 02:00:00,16.8033,22.359522253965924,-5.556222253965924
2016-06-16 03:00:00,16.3231,20.997990544588788,-4.674890544588788
2016-06-16 04:00:00,16.3231,23.343168875322576,-7.0200688753225755
2016-06-16 05:00:00,16.0831,20.95544262935398,-4.872342629353977
2016-06-16 06:00:00,16.0831,19.827439852743733,-3.7443398527437317
2016-06-16 07:00:00,16.2031,18.04725999389661,-1.8441599938966107
2016-06-16 08:00:00,16.2031,17.45940574444588,-1.256305744445882
2016-06-16 09:00:00,16.2031,17.263839703420707,-1.0607397034207082
2016-06-16 10:00:00,16.4432,17.102897459598466,-0.6596974595984655
2016-06-16 11:00:00,16.5632,17.040326219223424,-0.47712621922342535
2016-06-16 12:00:00,16.9233,17.04335231258337,-0.12005231258336835
2016-06-16 13:00:00,16.9233,16.954844755359623,-0.0315447553596222
2016-06-16 14:00:00,15.363,16.831491920593628,-1.4684919205936282
2016-06-16 15:00:00,15.1229,16.67710596428192,-1.5542059642819215
2016-06-16 16:00:00,15.0029,16.670058984242825,-1.6671589842428247
2016-06-16 17:00:00,15.1229,16.841240697434724,-1.7183406974347246
2016-06-16 18:00:00,15.2429,16.88083709933115,-1.6379370993311486
2016-06-16 19:00:00,15.1229,16.949422523900836,-1.8265225239008362
2016-06-16 20:00:00,15.0029,17.05928971359084,-2.056389713590839
2016-06-16 21:00:00,14.7628,17.147163762619467,-2.3843637626194667
2016-06-16 22:00:00,14.5228,17.450504945838315,-2.9277049458383146
2016-06-16 23:00:00,14.4028,17.656276440618992,-3.253476440618993
2016-06-17 00:00:00,14.7628,17.669124071621734,-2.906324071621734
2016-06-17 01:00:00,16.2031,17.61648200969393,-1.4133820096939296
2016-06-17 02:00:00,16.9233,18.039621436626053,-1.1163214366260519
2016-06-17 03:00:00,16.2031,18.510148687936805,-2.307048687936806
2016-06-17 04:00:00,16.3231,19.152067749465093,-2.828967749465093
2016-06-17 05:00:00,16.3231,19.470281036477594,-3.147181036477594
2016-06-17 06:00:00,16.2031,19.315028465184024,-3.1119284651840253
2016-06-17 07:00:00,16.2031,26.050949840042144,-9.847849840042144
2016-06-17 08:00:00,16.2031,25.376260187472717,-9.173160187472718
2016-06-17 09:00:00,16.2031,25.306634623264294,-9.103534623264295
2016-06-17 10:00:00,16.3231,24.37250200717845,-8.04940200717845
2016-06-17 11:00:00,16.3231,24.116715508949813,-7.793615508949813
2016-06-17 12:00:00,16.4432,24.156878768846536,-7.713678768846535
2016-06-17 13:00:00,34.9267,30.114614204873902,4.8120857951260945
2016-06-17 14:00:00,48.3693,32.72266381959407,15.646636180405935
2016-06-17 15:00:00,51.6099,30.875671523266547,20.734228476733456
2016-06-17 16:00:00,58.9314,32.66739737189884,26.264002628101153
2016-06-17 17:00:00,60.1316,33.367606497066234,26.763993502933765
2016-06-17 18:00:00,54.6105,32.779217628007174,21.831282371992828
2016-06-17 19:00:00,53.7704,32.176839035448396,21.593560964551607
2016-06-17 20:00:00,54.9706,31.547478964961122,23.423121035038875
2016-06-17 21:00:00,54.1304,31.223497204389265,22.906902795610737
2016-06-17 22:00:00,50.8898,31.297899061019674,19.591900938980327
2016-06-17 23:00:00,47.8892,30.929714384669282,16.95948561533072
2016-06-18 00:00:00,43.8085,30.589275365008948,13.219224634991054
2016-06-18 01:00:00,43.4484,29.750196354636838,13.698203645363161
2016-06-18 02:00:00,41.528,29.61860124951766,11.909398750482339
2016-06-18 03:00:00,42.4882,29.65129493728151,12.83690506271849
2016-06-18 04:00:00,22.6844,25.901107684999776,-3.2167076849997756
2016-06-18 05:00:00,17.2833,23.431262650844086,-6.147962650844086
2016-06-18 06:00:00,17.2833,21.746619512552424,-4.463319512552424
2016-06-18 07:00:00,17.1633,21.759600689698285,-4.596300689698285
2016-06-18 08:00:00,17.1633,20.973740500684276,-3.810440500684276
2016-06-18 09:00:00,17.2833,22.886363697096332,-5.6030636970963315
2016-06-18 10:00:00,17.0433,23.492469792398428,-6.449169792398429
2016-06-18 11:00:00,17.1633,23.271953319514754,-6.1086533195147545
2016-06-18 12:00:00,17.6434,27.444729634943968,-9.801329634943968
2016-06-18 13:00:00,30.1258,33.43506281536758,-3.3092628153675783
2016-06-18 14:00:00,40.4478,36.00630072497558,4.4414992750244195
2016-06-18 15:00:00,47.4092,40.53546770904772,6.873732290952276
2016-06-18 16:00:00,52.9302,49.38564616938999,3.544553830610006
2016-06-18 17:00:00,53.2903,54.19153642147336,-0.9012364214733566
2016-06-18 18:00:00,53.5303,56.20311064802325,-2.672810648023251
2016-06-18 19:00:00,56.89100000000001,51.62365074235673,5.267349257643282
2016-06-18 20:00:00,54.4905,52.94767993127491,1.542820068725085
2016-06-18 21:00:00,55.4507,51.46865062388312,3.9820493761168763
2016-06-18 22:00:00,57.011,51.55110367496691,5.4598963250330925
2016-06-18 23:00:00,59.6515,49.15527179051519,10.496228209484812
2016-06-19 00:00:00,57.9712,45.46457836172558,12.506621638274424
2016-06-19 01:00:00,46.449,45.94504939906906,0.5039506009309349
2016-06-19 02:00:00,47.6492,43.7793924286143,3.8698075713856994
2016-06-19 03:00:00,47.5292,43.63459813633408,3.894601863665926
2016-06-19 04:00:00,26.5251,27.601043325510215,-1.0759433255102167
2016-06-19 05:00:00,18.9637,18.813014640113593,0.1506853598864062
2016-06-19 06:00:00,18.9637,18.97723110973486,-0.013531109734859825
2016-06-19 07:00:00,18.8436,19.144606671645896,-0.30100667164589723
2016-06-19 08:00:00,18.8436,19.53088238573996,-0.6872823857399624
2016-06-19 09:00:00,18.8436,19.861887903472773,-1.0182879034727748
2016-06-19 10:00:00,18.7236,19.743381363477887,-1.019781363477886
2016-06-19 11:00:00,18.8436,19.53630970741329,-0.6927097074132931
2016-06-19 12:00:00,18.7236,21.664190292903985,-2.940590292903984
2016-06-19 13:00:00,27.9654,30.959794071589027,-2.994394071589028
2016-06-19 14:00:00,34.8067,36.11894824480569,-1.3122482448056942
2016-06-19 15:00:00,42.2481,42.43001147130952,-0.1819114713095189
2016-06-19 16:00:00,51.0099,50.83724088182437,0.1726591181756305
2016-06-19 17:00:00,55.9308,52.96033103058165,2.9704689694183486
2016-06-19 18:00:00,57.011,53.444008918103535,3.566991081896468
2016-06-19 19:00:00,54.1304,55.026577162461344,-0.8961771624613419
2016-06-19 20:00:00,52.9302,52.817071821637555,0.11312817836244449
2016-06-19 21:00:00,58.5713,52.36524662935842,6.206053370641584
2016-06-19 22:00:00,60.4917,53.132577960536594,7.359122039463408
2016-06-19 23:00:00,58.5713,53.40697137954759,5.164328620452409
2016-06-20 00:00:00,54.8506,51.96973068725041,2.8808693127495886
2016-06-20 01:00:00,55.3307,50.947755901346035,4.382944098653965
2016-06-20 02:00:00,50.8898,50.87246739231714,0.017332607682860157
2016-06-20 03:00:00,50.0497,50.90202016945733,-0.8523201694573288
2016-06-20 04:00:00,26.2851,30.02769266158161,-3.742592661581611
2016-06-20 05:00:00,17.6434,19.239381846728254,-1.5959818467282538
2016-06-20 06:00:00,17.7634,19.078009496588408,-1.3146094965884068
2016-06-20 07:00:00,17.7634,19.23804587107483,-1.4746458710748307
2016-06-20 08:00:00,17.8835,19.348409370700946,-1.4649093707009442
2016-06-20 09:00:00,17.8835,19.547232730924435,-1.6637327309244334
2016-06-20 10:00:00,17.8835,19.323847626470563,-1.4403476264705617
2016-06-20 11:00:00,17.6434,19.133228256278077,-1.4898282562780771
2016-06-20 12:00:00,17.5234,18.88828614583235,-1.364886145832351
2016-06-20 13:00:00,28.9256,29.412529066573594,-0.4869290665735946
2016-06-20 14:00:00,37.3272,37.14965659278887,0.17754340721112527
2016-06-20 15:00:00,42.8483,43.217252881439926,-0.3689528814399239
2016-06-20 16:00:00,50.4097,48.17545672935045,2.23424327064955
2016-06-20 17:00:00,53.8904,52.539239951502395,1.3511600484976043
2016-06-20 18:00:00,53.7704,56.45619811721928,-2.685798117219278
2016-06-20 19:00:00,53.5303,52.13409243582234,1.396207564177658
2016-06-20 20:00:00,60.0116,50.30306132263749,9.708538677362512
2016-06-20 21:00:00,60.8517,51.26810542266564,9.58359457733436
2016-06-20 22:00:00,64.2124,52.478967165583924,11.733432834416078
2016-06-20 23:00:00,59.8915,52.470825044735484,7.420674955264516
2016-06-21 00:00:00,48.6094,51.19656606537949,-2.587166065379492
2016-06-21 01:00:00,46.929,51.525913501350935,-4.596913501350933
2016-06-21 02:00:00,46.929,51.492067412683475,-4.563067412683473
2016-06-21 03:00:00,49.9296,51.02431354856988,-1.094713548569878
2016-06-21 04:00:00,26.7652,28.871628408131297,-2.106428408131297
2016-06-21 05:00:00,28.0854,19.1113873235002,8.9740126764998
2016-06-21 06:00:00,27.8454,19.26280459963936,8.582595400360642
2016-06-21 07:00:00,28.3255,19.247932318515947,9.077567681484055
2016-06-21 08:00:00,28.4455,19.295445633876756,9.150054366123243
2016-06-21 09:00:00,28.5655,19.50809817563694,9.057401824363062
2016-06-21 10:00:00,29.4057,19.29679433812139,10.108905661878609
2016-06-21 11:00:00,30.966,19.064011559130837,11.901988440869165
2016-06-21 12:00:00,31.326,18.823584857254502,12.502415142745498
2016-06-21 13:00:00,73.9343,27.618839012277775,46.31546098772222
2016-06-21 14:00:00,88.5771,36.06280063567311,52.51429936432689
2016-06-21 15:00:00,85.5765,42.841965352578036,42.73453464742196
2016-06-21 16:00:00,78.2551,48.85955951042979,29.39554048957021
2016-06-21 17:00:00,69.1333,53.178927865242414,15.954372134757591
2016-06-21 18:00:00,64.2124,54.249039483337896,9.963360516662107
2016-06-21 19:00:00,58.0912,51.0115523764877,7.079647623512301
2016-06-21 20:00:00,58.6913,53.09632567667977,5.59497432332023
2016-06-21 21:00:00,58.8113,53.636161994226434,5.175138005773569
2016-06-21 22:00:00,56.2909,54.07412617702785,2.2167738229721508
2016-06-21 23:00:00,54.3705,53.53555024689438,0.8349497531056187
2016-06-22 00:00:00,58.3313,49.96485534113059,8.366444658869412
2016-06-22 01:00:00,51.0099,49.760408297372194,1.2494917026278074
2016-06-22 02:00:00,51.73,50.538415580164795,1.191584419835202
2016-06-22 03:00:00,52.9302,49.940774667076354,2.989425332923645
2016-06-22 04:00:00,27.1252,30.005893157744868,-2.8806931577448687
2016-06-22 05:00:00,18.2435,30.3264792686429,-12.082979268642898
2016-06-22 06:00:00,18.1235,30.503540015740015,-12.380040015740015
2016-06-22 07:00:00,17.7634,28.80856566016116,-11.04516566016116
2016-06-22 08:00:00,17.8835,30.592122344958952,-12.70862234495895
2016-06-22 09:00:00,17.7634,30.364907424199387,-12.601507424199387
2016-06-22 10:00:00,18.0035,30.563833098521755,-12.560333098521756
2016-06-22 11:00:00,18.0035,29.239543717324946,-11.236043717324947
2016-06-22 12:00:00,18.1235,28.13134522334855,-10.00784522334855
2016-06-22 13:00:00,18.1235,30.027653567289338,-11.904153567289338
2016-06-22 14:00:00,16.2031,33.853795680730805,-17.650695680730806
2016-06-22 15:00:00,16.5632,32.32623808710159,-15.763038087101595
2016-06-22 16:00:00,16.6832,32.242328638026486,-15.559128638026486
2016-06-22 17:00:00,17.0433,32.76107598649847,-15.71777598649847
2016-06-22 18:00:00,16.8033,31.615774329290662,-14.812474329290662
2016-06-22 19:00:00,16.9233,25.78559731362523,-8.86229731362523
2016-06-22 20:00:00,16.9233,26.93599080899185,-10.012690808991849
2016-06-22 21:00:00,16.8033,24.509129175451015,-7.705829175451015
2016-06-22 22:00:00,16.5632,26.914654815850078,-10.35145481585008
2016-06-22 23:00:00,16.4432,26.860619514272162,-10.417419514272162
2016-06-23 00:00:00,16.6832,26.48872533494457,-9.80552533494457
2016-06-23 01:00:00,18.0035,25.954825051010253,-7.951325051010254
2016-06-23 02:00:00,17.8835,25.505402184375743,-7.621902184375742
2016-06-23 03:00:00,17.8835,25.511052761814756,-7.627552761814755
2016-06-23 04:00:00,18.0035,25.88927932208133,-7.88577932208133
2016-06-23 05:00:00,18.0035,21.007516734201978,-3.0040167342019792
2016-06-23 06:00:00,18.2435,21.025554633542257,-2.7820546335422556
2016-06-23 07:00:00,17.8835,19.065018252827407,-1.1815182528274057
2016-06-23 08:00:00,17.7634,19.02485832677999,-1.2614583267799908
2016-06-23 09:00:00,17.6434,19.016162076459594,-1.372762076459594
2016-06-23 10:00:00,17.4033,19.02905261998006,-1.6257526199800587
2016-06-23 11:00:00,17.5234,18.901595707109873,-1.3781957071098745
2016-06-23 12:00:00,17.6434,18.888365676784925,-1.2449656767849255
2016-06-23 13:00:00,17.5234,18.73309668410117,-1.2096966841011714
2016-06-23 14:00:00,15.9631,18.049758587135887,-2.0866585871358865
2016-06-23 15:00:00,16.0831,17.64554609948916,-1.5624460994891578
2016-06-23 16:00:00,16.3231,17.34379373127541,-1.0206937312754114
2016-06-23 17:00:00,16.3231,17.565388416352686,-1.242288416352686
2016-06-23 18:00:00,16.3231,17.454133725453467,-1.1310337254534666
2016-06-23 19:00:00,16.5632,17.575759782779745,-1.0125597827797463
2016-06-23 20:00:00,16.9233,17.43776412142591,-0.5144641214259096
2016-06-23 21:00:00,16.6832,17.470422177298083,-0.7872221772980836
2016-06-23 22:00:00,16.5632,17.54031914840148,-0.9771191484014814
2016-06-23 23:00:00,16.0831,17.564044572818958,-1.4809445728189559
2016-06-24 00:00:00,16.3231,17.650311704189203,-1.327211704189203
2016-06-24 01:00:00,17.6434,18.29771494368272,-0.6543149436827207
2016-06-24 02:00:00,17.7634,18.837918741425415,-1.0745187414254147
2016-06-24 03:00:00,17.5234,19.19296183187743,-1.6695618318774308
2016-06-24 04:00:00,17.5234,19.22445603151029,-1.7010560315102907
2016-06-24 05:00:00,17.6434,19.170162794187657,-1.5267627941876576
2016-06-24 06:00:00,17.5234,19.18309273413713,-1.6596927341371313
2016-06-24 07:00:00,17.8835,20.121850867981017,-2.2383508679810156
2016-06-24 08:00:00,17.5234,20.130483291057942,-2.6070832910579433
2016-06-24 09:00:00,17.8835,20.168016713219114,-2.284516713219112
2016-06-24 10:00:00,17.8835,20.910399078338564,-3.0268990783385625
2016-06-24 11:00:00,18.0035,20.92562654105198,-2.9221265410519806
2016-06-24 12:00:00,18.1235,20.91202842237842,-2.7885284223784197
2016-06-24 13:00:00,31.9262,34.745612196551185,-2.819412196551184
2016-06-24 14:00:00,33.0064,37.55370154998142,-4.5473015499814196
2016-06-24 15:00:00,39.1276,40.13404270647788,-1.006442706477877
2016-06-24 16:00:00,46.0889,42.49336252791421,3.5955374720857947
2016-06-24 17:00:00,47.4092,42.67262662787225,4.736573372127751
2016-06-24 18:00:00,43.5684,43.11808733367603,0.45031266632396694
2016-06-24 19:00:00,47.0491,43.9393635074505,3.1097364925495015
2016-06-24 20:00:00,47.5292,45.032805869513375,2.496394130486628
2016-06-24 21:00:00,47.2891,45.49223271565223,1.796867284347769
2016-06-24 22:00:00,49.6896,44.81582787419201,4.873772125807989
2016-06-24 23:00:00,50.6498,43.24202450122811,7.4077754987718905
2016-06-25 00:00:00,43.2083,40.5712859670989,2.6370140329010994
2016-06-25 01:00:00,39.6076,38.62485990475267,0.9827400952473297
2016-06-25 02:00:00,37.6873,37.90388145061516,-0.2165814506151591
2016-06-25 03:00:00,39.9677,37.72636113031368,2.2413388696863237
2016-06-25 04:00:00,21.3641,27.624652455907523,-6.260552455907522
2016-06-25 05:00:00,15.603,20.271660281563758,-4.668660281563758
2016-06-25 06:00:00,16.0831,19.673388367121817,-3.590288367121815
2016-06-25 07:00:00,15.603,19.99735829938559,-4.394358299385589
2016-06-25 08:00:00,15.723,20.07784847909994,-4.354848479099941
2016-06-25 09:00:00,15.723,20.177521310750286,-4.454521310750286
2016-06-25 10:00:00,15.723,21.185145866586932,-5.462145866586932
2016-06-25 11:00:00,15.603,20.337566754866582,-4.734566754866583
2016-06-25 12:00:00,15.603,22.06539277841065,-6.462392778410651
2016-06-25 13:00:00,26.1651,33.10082373200544,-6.935723732005439
2016-06-25 14:00:00,34.5667,35.7655556414467,-1.1988556414467055
2016-06-25 15:00:00,43.2083,38.74599508662018,4.462304913379825
2016-06-25 16:00:00,50.2897,42.3736221053385,7.916077894661505
2016-06-25 17:00:00,54.2505,43.91323711504905,10.337262884950952
2016-06-25 18:00:00,57.9712,44.15787796722114,13.813322032778864
2016-06-25 19:00:00,54.8506,45.40850550705694,9.442094492943063
2016-06-25 20:00:00,48.8494,45.93554167101606,2.9138583289839417
2016-06-25 21:00:00,56.1708,46.5066663687617,9.6641336312383
2016-06-25 22:00:00,51.3699,48.5513982926588,2.8185017073411984
2016-06-25 23:00:00,45.8488,49.828243399664785,-3.979443399664788
2016-06-26 00:00:00,43.0883,44.02293819844888,-0.9346381984488801
2016-06-26 01:00:00,38.6474,41.967193276579586,-3.3197932765795883
2016-06-26 02:00:00,40.3278,40.513205513372455,-0.18540551337245148
2016-06-26 03:00:00,43.0883,41.13542982148429,1.9528701785157097
2016-06-26 04:00:00,23.2845,26.048011552913884,-2.763511552913883
2016-06-26 05:00:00,16.5632,19.000130044707763,-2.436930044707765
2016-06-26 06:00:00,16.5632,19.003765125852894,-2.4405651258528955
2016-06-26 07:00:00,16.5632,19.11998856633803,-2.5567885663380316
2016-06-26 08:00:00,16.6832,19.377755522289373,-2.694555522289374
2016-06-26 09:00:00,16.6832,19.51503135596644,-2.8318313559664396
2016-06-26 10:00:00,16.6832,19.36338389271154,-2.68018389271154
2016-06-26 11:00:00,16.5632,19.4155243564163,-2.8523243564163003
2016-06-26 12:00:00,16.5632,19.40714620225253,-2.843946202252532
2016-06-26 13:00:00,25.805,26.42867774069317,-0.6236777406931715
2016-06-26 14:00:00,34.8067,34.72440308327199,0.08229691672801209
2016-06-26 15:00:00,41.648,40.34065659259174,1.3073434074082613
2016-06-26 16:00:00,48.9694,45.76949843250526,3.1999015674947415
2016-06-26 17:00:00,51.97,51.88526275174426,0.0847372482557418
2016-06-26 18:00:00,48.3693,56.35504643749236,-7.9857464374923595
2016-06-26 19:00:00,48.0093,54.65327184586923,-6.643971845869224
2016-06-26 20:00:00,48.9694,50.129186341994746,-1.1597863419947458
2016-06-26 21:00:00,50.5297,52.20016877352538,-1.6704687735253785
2016-06-26 22:00:00,54.8506,52.48550013783487,2.365099862165131
2016-06-26 23:00:00,51.2499,49.33934603747186,1.9105539625281338
2016-06-27 00:00:00,42.8483,43.80070853745796,-0.9524085374579556
2016-06-27 01:00:00,42.4882,41.68565812872749,0.8025418712725099
2016-06-27 02:00:00,41.408,42.4075641064545,-0.9995641064544998
2016-06-27 03:00:00,44.5286,41.86537715554182,2.6632228444581756
2016-06-27 04:00:00,24.2447,26.321390827759423,-2.076690827759421
2016-06-27 05:00:00,16.5632,19.011682864508572,-2.4484828645085734
2016-06-27 06:00:00,16.5632,18.992263560369814,-2.4290635603698156
2016-06-27 07:00:00,16.6832,19.076657917103322,-2.393457917103323
2016-06-27 08:00:00,16.6832,19.291471746447982,-2.6082717464479828
2016-06-27 09:00:00,16.8033,19.383819906046334,-2.5805199060463337
2016-06-27 10:00:00,17.0433,19.19032610350682,-2.147026103506821
2016-06-27 11:00:00,16.8033,19.3019144676699,-2.498614467669899
2016-06-27 12:00:00,16.8033,19.241486510453292,-2.438186510453292
2016-06-27 13:00:00,26.1651,25.236672348993736,0.9284276510062632
2016-06-27 14:00:00,35.0468,34.3410920394264,0.7057079605735979
2016-06-27 15:00:00,43.2083,40.77724285616391,2.4310571438360924
2016-06-27 16:00:00,48.8494,45.767032966885274,3.0823670331147284
2016-06-27 17:00:00,52.2101,50.46760337679667,1.7424966232033299
2016-06-27 18:00:00,53.7704,49.9633161174045,3.8070838825954993
2016-06-27 19:00:00,52.2101,47.242674506602846,4.967425493397151
2016-06-27 20:00:00,53.1703,47.56099570312927,5.609304296870725
2016-06-27 21:00:00,56.771,47.50157895939147,9.269421040608528
2016-06-27 22:00:00,56.1708,49.64159499902611,6.529205000973889
2016-06-27 23:00:00,56.1708,50.812075192921256,5.358724807078744
2016-06-28 00:00:00,51.6099,43.66510816318687,7.944791836813131
2016-06-28 01:00:00,50.7698,42.706486763221676,8.06331323677832
2016-06-28 02:00:00,51.0099,42.44268930929391,8.56721069070609
2016-06-28 03:00:00,51.6099,43.32417877651603,8.285721223483975
2016-06-28 04:00:00,27.3653,26.675590359564048,0.6897096404359537
2016-06-28 05:00:00,18.2435,18.886711901956538,-0.643211901956537
2016-06-28 06:00:00,18.1235,18.897642590311417,-0.774142590311417
2016-06-28 07:00:00,18.2435,19.013511610933687,-0.7700116109336861
2016-06-28 08:00:00,18.1235,19.40078288503755,-1.2772828850375504
2016-06-28 09:00:00,18.2435,19.480012335023456,-1.2365123350234555
2016-06-28 10:00:00,18.1235,19.442032574570888,-1.318532574570888
2016-06-28 11:00:00,18.1235,19.481367097159943,-1.357867097159943
2016-06-28 12:00:00,18.3635,19.58317053043399,-1.2196705304339908
2016-06-28 13:00:00,29.2856,25.084202317198173,4.201397682801826
2016-06-28 14:00:00,40.5678,34.391282058186796,6.176517941813202
2016-06-28 15:00:00,48.6094,41.69829704049358,6.911102959506422
2016-06-28 16:00:00,54.1304,46.370089377773326,7.760310622226676
2016-06-28 17:00:00,54.0104,51.26990758703254,2.7404924129674555
2016-06-28 18:00:00,55.2106,53.81968402287223,1.3909159771277686
2016-06-28 19:00:00,49.2095,48.918909045519605,0.2905909544803933
2016-06-28 20:00:00,51.3699,49.91150736361446,1.4583926363855397
2016-06-28 21:00:00,55.6908,51.031204835241944,4.659595164758059
2016-06-28 22:00:00,56.6509,52.04729182722832,4.603608172771679
2016-06-28 23:00:00,56.89100000000001,52.43779303019358,4.4532069698064305
2016-06-29 00:00:00,46.929,51.02961801347491,-4.100618013474907
2016-06-29 01:00:00,43.6884,51.31196533380824,-7.623565333808237
2016-06-29 02:00:00,43.6884,51.389487313363716,-7.701087313363715
2016-06-29 03:00:00,46.3289,51.70378586028397,-5.374885860283975
2016-06-29 04:00:00,24.3647,36.35195953679747,-11.987259536797474
2016-06-29 05:00:00,15.0029,19.171034140505707,-4.168134140505707
2016-06-29 06:00:00,16.2031,19.10850013326559,-2.9054001332655908
2016-06-29 07:00:00,16.4432,19.14470779632693,-2.701507796326929
2016-06-29 08:00:00,15.9631,19.31249435521926,-3.3493943552192604
2016-06-29 09:00:00,15.8431,19.45291745717113,-3.609817457171129
2016-06-29 10:00:00,15.9631,19.274608820605607,-3.3115088206056065
2016-06-29 11:00:00,15.9631,19.095241842684786,-3.132141842684785
2016-06-29 12:00:00,16.0831,18.892852131571093,-2.8097521315710914
2016-06-29 13:00:00,16.0831,27.002049154251498,-10.918949154251496
2016-06-29 14:00:00,14.4028,23.645369825994425,-9.242569825994426
2016-06-29 15:00:00,14.0427,19.24766487437148,-5.2049648743714805
2016-06-29 16:00:00,13.9227,18.113648482442173,-4.190948482442172
2016-06-29 17:00:00,13.9227,17.92173004155792,-3.999030041557921
2016-06-29 18:00:00,13.8027,18.044262144790384,-4.241562144790384
2016-06-29 19:00:00,14.0427,17.6637451289235,-3.6210451289235017
2016-06-29 20:00:00,14.8829,17.61702967396158,-2.7341296739615792
2016-06-29 21:00:00,14.5228,17.76633378971744,-3.243533789717439
2016-06-29 22:00:00,14.5228,17.973850047001275,-3.4510500470012744
2016-06-29 23:00:00,14.6428,17.996843440338957,-3.354043440338957
2016-06-30 00:00:00,15.0029,17.987979642377237,-2.9850796423772366
2016-06-30 01:00:00,16.4432,18.36014745348114,-1.9169474534811393
2016-06-30 02:00:00,16.5632,18.611441707244087,-2.048241707244088
2016-06-30 03:00:00,16.4432,19.011145666968304,-2.5679456669683027
2016-06-30 04:00:00,16.4432,18.82252542153373,-2.3793254215337285
2016-06-30 05:00:00,17.7634,18.35837487433386,-0.594974874333861
2016-06-30 06:00:00,19.2037,18.34023152827116,0.8634684717288401
2016-06-30 07:00:00,19.3237,17.235499491371485,2.088200508628514
2016-06-30 08:00:00,20.1639,17.106376456038767,3.057523543961235
2016-06-30 09:00:00,20.884,16.97341713998832,3.9105828600116794
2016-06-30 10:00:00,19.6838,16.940283210736503,2.7435167892634986
2016-06-30 11:00:00,21.3641,16.778075779754722,4.586024220245278
2016-06-30 12:00:00,20.4039,16.75795375581554,3.6459462441844614
2016-06-30 13:00:00,20.884,16.670806114209885,4.2131938857901154
2016-06-30 14:00:00,18.6036,16.722329468102036,1.8812705318979646
2016-06-30 15:00:00,14.7628,16.90448148051183,-2.1416814805118296
2016-06-30 16:00:00,15.363,16.986215743405314,-1.6232157434053143
2016-06-30 17:00:00,15.2429,17.037111889295694,-1.7942118892956938
2016-06-30 18:00:00,15.1229,17.024318424395457,-1.901418424395457
2016-06-30 19:00:00,15.1229,17.049190362915038,-1.9262903629150383
2016-06-30 20:00:00,15.0029,17.05878962135751,-2.055889621357508
2016-06-30 21:00:00,14.7628,17.120548369053115,-2.3577483690531142
2016-06-30 22:00:00,15.1229,17.34141134211687,-2.218511342116871
2016-06-30 23:00:00,14.6428,17.819359055832884,-3.1765590558328842
2016-07-01 00:00:00,15.1229,18.742427727855496,-3.6195277278554965
2016-07-01 01:00:00,16.5632,19.275659899003273,-2.7124598990032744
2016-07-01 02:00:00,16.5632,19.300914900870463,-2.737714900870465
2016-07-01 03:00:00,16.3231,19.52416548447358,-3.201065484473581
2016-07-01 04:00:00,16.4432,19.667191641615126,-3.2239916416151253
2016-07-01 05:00:00,17.5234,19.878407546563324,-2.355007546563325
2016-07-01 06:00:00,19.2037,19.685825328880394,-0.48212532888039306
2016-07-01 07:00:00,18.8436,18.863208093512018,-0.01960809351201931
2016-07-01 08:00:00,19.3237,18.898811463869773,0.4248885361302257
2016-07-01 09:00:00,19.3237,18.928163649751294,0.3955363502487046
2016-07-01 10:00:00,21.004,19.061095173556918,1.9429048264430833
2016-07-01 11:00:00,19.0837,19.27393065809828,-0.19023065809827955
2016-07-01 12:00:00,21.1241,19.44153713761369,1.682562862386309
2016-07-01 13:00:00,71.1737,33.033957832314215,38.13974216768578
2016-07-01 14:00:00,91.6977,36.010421321657624,55.68727867834237
2016-07-01 15:00:00,84.4963,37.575777722331026,46.92052227766898
2016-07-01 16:00:00,86.6567,40.03801423659478,46.61868576340522
2016-07-01 17:00:00,87.8569,40.92925379854575,46.927646201454245
2016-07-01 18:00:00,85.9366,40.510459323767485,45.426140676232514
2016-07-01 19:00:00,83.7762,40.248979905908904,43.5272200940911
2016-07-01 20:00:00,77.655,39.60745357712562,38.04754642287438
2016-07-01 21:00:00,73.8142,39.61764455033039,34.19655544966961
2016-07-01 22:00:00,76.8148,38.35531130876753,38.45948869123247
2016-07-01 23:00:00,74.4144,37.437729158254314,36.97667084174569
2016-07-02 00:00:00,68.8933,35.31244836307868,33.58085163692132
2016-07-02 01:00:00,64.3324,33.361800626283355,30.970599373716652
2016-07-02 02:00:00,72.9741,34.114936011141275,38.85916398885873
2016-07-02 03:00:00,82.936,33.569855115361456,49.36614488463855
2016-07-02 04:00:00,31.326,26.086084121342722,5.239915878657278
2016-07-02 05:00:00,16.2031,20.327619617205325,-4.124519617205326
2016-07-02 06:00:00,17.1633,19.7651276635684,-2.6018276635684003
2016-07-02 07:00:00,17.5234,21.214247152552467,-3.690847152552468
2016-07-02 08:00:00,18.2435,20.69073699117941,-2.447236991179409
2016-07-02 09:00:00,18.8436,21.892012733985762,-3.0484127339857636
2016-07-02 10:00:00,18.9637,22.429876378882216,-3.466176378882217
2016-07-02 11:00:00,18.9637,21.57042805248633,-2.606728052486332
2016-07-02 12:00:00,18.9637,24.48337637936044,-5.51967637936044
2016-07-02 13:00:00,72.2539,39.68603256235218,32.56786743764782
2016-07-02 14:00:00,90.4975,48.77169106486687,41.72580893513313
2016-07-02 15:00:00,86.8968,57.021003650086776,29.875796349913223
2016-07-02 16:00:00,88.21700000000001,58.92384525816394,29.293154741836076
2016-07-02 17:00:00,83.056,58.67393982802836,24.382060171971638
2016-07-02 18:00:00,79.6954,60.187651169891645,19.507748830108362
2016-07-02 19:00:00,76.3347,58.076544894916026,18.258155105083972
2016-07-02 20:00:00,72.8541,57.42546449212337,15.428635507876635
2016-07-02 21:00:00,69.8535,57.065139028996455,12.788360971003542
2016-07-02 22:00:00,69.8535,56.22526732132893,13.628232678671068
2016-07-02 23:00:00,65.5326,55.336948807062534,10.195651192937468
2016-07-03 00:00:00,61.0918,53.55487560164527,7.536924398354728
2016-07-03 01:00:00,62.412,52.61465200926961,9.797347990730387
2016-07-03 02:00:00,63.1322,52.26837254302027,10.863827456979728
2016-07-03 03:00:00,65.2926,49.90862988857976,15.383970111420233
2016-07-03 04:00:00,30.0058,31.54162251134519,-1.535822511345188
2016-07-03 05:00:00,18.3635,20.173860886983427,-1.8103608869834282
2016-07-03 06:00:00,18.2435,19.894853019352077,-1.6513530193520758
2016-07-03 07:00:00,18.2435,19.94574483929649,-1.7022448392964904
2016-07-03 08:00:00,18.3635,19.757514761897163,-1.3940147618971643
2016-07-03 09:00:00,19.2037,19.6764456909693,-0.4727456909692975
2016-07-03 10:00:00,19.4438,19.467954507583926,-0.024154507583926232
2016-07-03 11:00:00,20.644,19.133992317313574,1.5100076826864246
2016-07-03 12:00:00,21.3641,19.02790772758441,2.336192272415591
2016-07-03 13:00:00,67.0929,39.19174555747334,27.90115444252666
2016-07-03 14:00:00,87.7369,48.82861954328934,38.90828045671066
2016-07-03 15:00:00,80.6556,53.5780983126485,27.077501687351507
2016-07-03 16:00:00,81.8558,57.254342058205566,24.601457941794436
2016-07-03 17:00:00,81.1357,57.33795969354323,23.797740306456767
2016-07-03 18:00:00,80.8956,57.30741444501261,23.58818555498739
2016-07-03 19:00:00,73.5742,55.499172120950746,18.07502787904926
2016-07-03 20:00:00,74.8944,55.51892819850332,19.375471801496687
2016-07-03 21:00:00,71.1737,55.6373171130912,15.536382886908797
2016-07-03 22:00:00,66.4928,54.40929715022429,12.083502849775712
2016-07-03 23:00:00,69.2534,53.405835202766674,15.847564797233325
2016-07-04 00:00:00,66.9729,51.441829833770065,15.53107016622993
2016-07-04 01:00:00,68.7733,49.513857714858574,19.259442285141432
2016-07-04 02:00:00,71.4138,50.39887299892893,21.014927001071065
2016-07-04 03:00:00,81.1357,49.22693034623643,31.90876965376357
2016-07-04 04:00:00,31.086,29.634991849187276,1.4510081508127222
2016-07-04 05:00:00,16.6832,20.283240794549894,-3.6000407945498942
2016-07-04 06:00:00,16.5632,20.39413324571361,-3.830933245713613
2016-07-04 07:00:00,18.2435,19.94838582246342,-1.7048858224634174
2016-07-04 08:00:00,19.0837,19.905386564794433,-0.8216865647944331
2016-07-04 09:00:00,20.884,19.860348548567384,1.0236514514326167
2016-07-04 10:00:00,27.2453,19.707331125080813,7.537968874919187
2016-07-04 11:00:00,25.0849,19.314127492627584,5.770772507372417
2016-07-04 12:00:00,24.0046,19.37761642990679,4.626983570093209
2016-07-04 13:00:00,69.0133,40.251315781507834,28.761984218492167
2016-07-04 14:00:00,88.3371,48.60534533478465,39.731754665215355
2016-07-04 15:00:00,82.4559,53.89268870433598,28.56321129566402
2016-07-04 16:00:00,85.5765,57.27444051782094,28.302059482179054
2016-07-04 17:00:00,79.0953,57.11392622061755,21.981373779382444
2016-07-04 18:00:00,76.0947,57.89112694022443,18.20357305977557
2016-07-04 19:00:00,71.2938,55.86595293637486,15.427847063625144
2016-07-04 20:00:00,68.0531,55.69707305572388,12.356026944276124
2016-07-04 21:00:00,66.1328,56.04748156899789,10.085318431002115
2016-07-04 22:00:00,61.0918,53.89504808024662,7.196751919753382
2016-07-04 23:00:00,62.172,53.762469442225786,8.409530557774211
2016-07-05 00:00:00,63.6123,52.15345079172691,11.458849208273087
2016-07-05 01:00:00,56.89100000000001,49.74637078416045,7.144629215839565
2016-07-05 02:00:00,60.0116,49.8173782975664,10.194221702433602
2016-07-05 03:00:00,57.25100000000001,49.02618356014798,8.224816439852034
2016-07-05 04:00:00,26.7652,29.737411371602107,-2.972211371602107
2016-07-05 05:00:00,16.9233,20.637637010105124,-3.7143370101051225
2016-07-05 06:00:00,16.5632,20.456115449925182,-3.8929154499251837
2016-07-05 07:00:00,16.6832,20.122409325649492,-3.439209325649493
2016-07-05 08:00:00,16.6832,20.008405244074183,-3.3252052440741835
2016-07-05 09:00:00,16.4432,20.04203254644312,-3.59883254644312
2016-07-05 10:00:00,16.5632,30.547931755158753,-13.984731755158755
2016-07-05 11:00:00,16.4432,19.722557799745527,-3.279357799745526
2016-07-05 12:00:00,16.5632,20.02160097026544,-3.4584009702654406
2016-07-05 13:00:00,40.6878,38.60252432394804,2.085275676051964
2016-07-05 14:00:00,60.9718,44.94057593014071,16.03122406985929
2016-07-05 15:00:00,66.4928,52.40871882499586,14.084081175004144
2016-07-05 16:00:00,68.2932,57.98241665873215,10.31078334126785
2016-07-05 17:00:00,63.4922,57.32082577135271,6.171374228647288
2016-07-05 18:00:00,64.4524,57.50388083408009,6.948519165919905
2016-07-05 19:00:00,58.6913,58.93989727274402,-0.24859727274402132
2016-07-05 20:00:00,51.1299,57.08575778484062,-5.955857784840617
2016-07-05 21:00:00,56.5309,57.03740011066517,-0.506500110665165
2016-07-05 22:00:00,57.011,54.99254174955247,2.01845825044753
2016-07-05 23:00:00,54.6105,54.92373671725844,-0.31323671725844093
2016-07-06 00:00:00,52.4501,53.192213408089195,-0.742113408089196
2016-07-06 01:00:00,54.9706,49.061807280072664,5.908792719927334
2016-07-06 02:00:00,50.2897,49.15125408291891,1.1384459170810928
2016-07-06 03:00:00,55.2106,48.22874483091284,6.9818551690871615
2016-07-06 04:00:00,24.6047,27.562075919501577,-2.957375919501576
2016-07-06 05:00:00,16.0831,20.533832384900833,-4.450732384900832
2016-07-06 06:00:00,16.0831,20.303935894957704,-4.220835894957702
2016-07-06 07:00:00,16.2031,20.2778910909862,-4.074791090986199
2016-07-06 08:00:00,16.2031,19.99721974095701,-3.7941197409570115
2016-07-06 09:00:00,16.2031,20.131828593899098,-3.9287285938990983
2016-07-06 10:00:00,16.2031,19.85728571395302,-3.6541857139530194
2016-07-06 11:00:00,16.3231,19.300979920057646,-2.977879920057646
2016-07-06 12:00:00,16.2031,19.369238808100352,-3.166138808100353
2016-07-06 13:00:00,16.2031,27.35537620371909,-11.15227620371909
2016-07-06 14:00:00,14.8829,27.998464555560346,-13.115564555560347
2016-07-06 15:00:00,14.5228,25.114228650848446,-10.591428650848446
2016-07-06 16:00:00,15.0029,19.75080606498362,-4.747906064983621
2016-07-06 17:00:00,15.1229,18.801463405441652,-3.6785634054416523
2016-07-06 18:00:00,15.0029,18.662776828754026,-3.659876828754026
2016-07-06 19:00:00,15.0029,18.42056125031727,-3.41766125031727
2016-07-06 20:00:00,14.8829,17.78108552164632,-2.8981855216463224
2016-07-06 21:00:00,14.7628,18.18580675827765,-3.4230067582776496
2016-07-06 22:00:00,14.4028,19.07438386890511,-4.67158386890511
2016-07-06 23:00:00,14.2828,18.081902481721293,-3.7991024817212935
2016-07-07 00:00:00,14.8829,18.09929565798002,-3.2163956579800193
2016-07-07 01:00:00,16.4432,18.34502818106278,-1.901828181062779
2016-07-07 02:00:00,16.4432,19.214293484749245,-2.771093484749244
2016-07-07 03:00:00,16.8033,19.672767000738,-2.8694670007379983
2016-07-07 04:00:00,16.3231,18.735132030165715,-2.412032030165715
2016-07-07 05:00:00,16.2031,18.297808936370803,-2.094708936370804
2016-07-07 06:00:00,16.2031,18.27665764145003,-2.07355764145003
2016-07-07 07:00:00,16.3231,17.733493739707622,-1.4103937397076223
2016-07-07 08:00:00,16.2031,17.24596998939544,-1.0428699893954416
2016-07-07 09:00:00,16.2031,17.04447373580161,-0.8413737358016107
2016-07-07 10:00:00,16.3231,16.870959168536846,-0.5478591685368457
2016-07-07 11:00:00,16.2031,16.734404518272484,-0.5313045182724849
2016-07-07 12:00:00,16.3231,16.78783434453824,-0.4647343445382397
2016-07-07 13:00:00,16.3231,16.809901494765814,-0.4868014947658139
2016-07-07 14:00:00,14.8829,17.001579003549228,-2.1186790035492287
2016-07-07 15:00:00,14.4028,17.024138417892402,-2.621338417892403
2016-07-07 16:00:00,15.2429,16.98487746522848,-1.7419774652284783
2016-07-07 17:00:00,15.0029,17.00916831771843,-2.0062683177184297
2016-07-07 18:00:00,15.1229,17.00749643597574,-1.8845964359757392
2016-07-07 19:00:00,15.0029,17.018632579065116,-2.0157325790651157
2016-07-07 20:00:00,14.7628,17.08345451395201,-2.320654513952009
2016-07-07 21:00:00,14.7628,17.14444746572034,-2.3816474657203397
2016-07-07 22:00:00,14.5228,17.39312362327665,-2.8703236232766507
2016-07-07 23:00:00,14.5228,17.685755507660193,-3.162955507660193
2016-07-08 00:00:00,14.6428,17.861533986235187,-3.218733986235188
2016-07-08 01:00:00,16.3231,17.992582202088624,-1.6694822020886235
2016-07-08 02:00:00,16.8033,18.358181943142355,-1.5548819431423553
2016-07-08 03:00:00,16.9233,18.99852087196214,-2.075220871962138
2016-07-08 04:00:00,17.4033,19.287582908489046,-1.8842829084890447
2016-07-08 05:00:00,16.9233,19.299504320302788,-2.3762043203027865
2016-07-08 06:00:00,16.8033,19.090975062630335,-2.287675062630335
2016-07-08 07:00:00,16.9233,18.646223390047194,-1.7229233900471925
2016-07-08 08:00:00,16.9233,18.654923080626904,-1.7316230806269033
2016-07-08 09:00:00,16.8033,18.651498586396137,-1.848198586396137
2016-07-08 10:00:00,16.8033,18.651498586396137,-1.848198586396137
2016-07-08 11:00:00,16.8033,18.701123483832035,-1.8978234838320347
2016-07-08 12:00:00,16.9233,18.767621113122026,-1.8443211131220245
2016-07-08 13:00:00,28.2054,32.83502426460951,-4.629624264609507
2016-07-08 14:00:00,35.8869,34.90454458658522,0.9823554134147798
2016-07-08 15:00:00,44.4086,36.69300555393778,7.7155944460622194
2016-07-08 16:00:00,47.6492,40.263414802660975,7.385785197339025
2016-07-08 17:00:00,43.6884,43.11096139533929,0.5774386046607134
2016-07-08 18:00:00,46.0889,42.32958991649466,3.7593100835053406
2016-07-08 19:00:00,45.3688,43.39480339704246,1.9739966029575413
2016-07-08 20:00:00,42.1281,43.82533057135722,-1.6972305713572169
2016-07-08 21:00:00,43.4484,44.151169061885085,-0.7027690618850855
2016-07-08 22:00:00,46.3289,41.93270869142216,4.396191308577841
2016-07-08 23:00:00,50.0497,41.534060542679335,8.515639457320667
2016-07-09 00:00:00,46.809,40.51288374665323,6.296116253346767
2016-07-09 01:00:00,40.5678,37.65520626365037,2.9125937363496277
2016-07-09 02:00:00,40.2078,36.196576034496665,4.0112239655033335
2016-07-09 03:00:00,41.0479,34.80053109505912,6.247368904940878
2016-07-09 04:00:00,23.6446,26.302584414635177,-2.6579844146351768
2016-07-09 05:00:00,17.4033,20.710785095532007,-3.307485095532005
2016-07-09 06:00:00,16.8033,20.111544006083903,-3.3082440060839033
2016-07-09 07:00:00,16.9233,22.0719300040688,-5.148630004068799
2016-07-09 08:00:00,16.8033,21.227197189154225,-4.423897189154225
2016-07-09 09:00:00,16.8033,22.667970835182597,-5.864670835182597
2016-07-09 10:00:00,16.6832,23.244539958245518,-6.561339958245519
2016-07-09 11:00:00,16.6832,22.325011373256054,-5.641811373256054
2016-07-09 12:00:00,16.8033,26.392228210560887,-9.588928210560887
2016-07-09 13:00:00,26.7652,33.444044513639085,-6.678844513639085
2016-07-09 14:00:00,34.6867,36.0018025531186,-1.3151025531185994
2016-07-09 15:00:00,43.9285,39.02626833525431,4.902231664745692
2016-07-09 16:00:00,49.5696,43.33380215303928,6.235797846960722
2016-07-09 17:00:00,53.7704,43.67946505218749,10.090934947812514
2016-07-09 18:00:00,50.1697,44.60321558208085,5.566484417919149
2016-07-09 19:00:00,47.8892,45.89215487306566,1.9970451269343457
2016-07-09 20:00:00,44.7686,45.50248422154846,-0.7338842215484576
2016-07-09 21:00:00,50.4097,45.68365956992886,4.726040430071144
2016-07-09 22:00:00,48.0093,46.27679015329434,1.7325098467056606
2016-07-09 23:00:00,50.8898,49.05088397320608,1.8389160267939175
2016-07-10 00:00:00,44.6486,45.873659212631026,-1.2250592126310238
2016-07-10 01:00:00,44.4086,43.32400096530306,1.084599034696943
2016-07-10 02:00:00,45.6088,42.56338915749527,3.0454108425047295
2016-07-10 03:00:00,51.4899,42.10057012194629,9.389329878053708
2016-07-10 04:00:00,26.4051,26.926034237267604,-0.5209342372676034
2016-07-10 05:00:00,17.8835,18.880535223352155,-0.9970352233521531
2016-07-10 06:00:00,17.8835,18.876447002468968,-0.9929470024689664
2016-07-10 07:00:00,18.1235,19.213179617580607,-1.0896796175806074
2016-07-10 08:00:00,18.1235,19.47646966541155,-1.3529696654115497
2016-07-10 09:00:00,18.1235,20.047948957768877,-1.9244489577688775
2016-07-10 10:00:00,18.0035,19.71169295778856,-1.7081929577885617
2016-07-10 11:00:00,18.4836,19.770716683746453,-1.2871166837464543
2016-07-10 12:00:00,18.1235,22.531374051965354,-4.407874051965354
2016-07-10 13:00:00,27.4853,28.94474096351836,-1.459440963518361
2016-07-10 14:00:00,37.3272,34.925987571759585,2.401212428240413
2016-07-10 15:00:00,48.6094,41.55823095050883,7.051169049491172
2016-07-10 16:00:00,54.3705,45.97756041195116,8.39293958804884
2016-07-10 17:00:00,56.6509,51.01565562921482,5.6352443707851805
2016-07-10 18:00:00,55.2106,50.65699840579718,4.553601594202817
2016-07-10 19:00:00,50.0497,47.26473259581852,2.7849674041814794
2016-07-10 20:00:00,51.1299,47.27339209691623,3.8565079030837666
2016-07-10 21:00:00,55.3307,47.37976756970527,7.950932430294728
2016-07-10 22:00:00,52.4501,48.11399242321519,4.336107576784812
2016-07-10 23:00:00,47.2891,50.51220772230627,-3.223107722306274
2016-07-11 00:00:00,41.408,45.31413614702672,-3.9061361470267215
2016-07-11 01:00:00,42.3682,46.34253243684966,-3.9743324368496573
2016-07-11 02:00:00,46.449,48.691344461667,-2.2423444616670025
2016-07-11 03:00:00,45.8488,48.9195690028264,-3.0707690028264025
2016-07-11 04:00:00,24.2447,30.157415964480773,-5.912715964480771
2016-07-11 05:00:00,18.2435,18.916266831795483,-0.6727668317954816
2016-07-11 06:00:00,18.2435,18.758136340556288,-0.5146363405562866
2016-07-11 07:00:00,18.1235,18.945054026289412,-0.8215540262894123
2016-07-11 08:00:00,18.2435,19.242642170852317,-0.9991421708523163
2016-07-11 09:00:00,18.2435,19.352262854721424,-1.108762854721423
2016-07-11 10:00:00,18.2435,19.163450377383896,-0.9199503773838948
2016-07-11 11:00:00,18.2435,19.011950416708363,-0.7684504167083617
2016-07-11 12:00:00,18.7236,18.73900548790177,-0.015405487901769988
2016-07-11 13:00:00,27.0052,29.274478823002315,-2.269278823002317
2016-07-11 14:00:00,33.4865,38.1723473354586,-4.685847335458604
2016-07-11 15:00:00,41.648,45.54528285416636,-3.897282854166356
2016-07-11 16:00:00,43.2083,51.63630651126234,-8.428006511262339
2016-07-11 17:00:00,45.8488,54.81192602766757,-8.96312602766757
2016-07-11 18:00:00,46.0889,56.93944414637115,-10.85054414637115
2016-07-11 19:00:00,42.6082,49.072751521785115,-6.464551521785118
2016-07-11 20:00:00,44.8887,49.39088490563254,-4.502184905632539
2016-07-11 21:00:00,53.0502,50.56754590380877,2.482654096191226
2016-07-11 22:00:00,49.2095,51.208927412467325,-1.9994274124673268
2016-07-11 23:00:00,47.0491,48.73296649793838,-1.683866497938375
2016-07-12 00:00:00,38.8875,43.14449535679322,-4.256995356793219
2016-07-12 01:00:00,44.4086,42.691084239321164,1.717515760678836
2016-07-12 02:00:00,44.5286,45.2059745191514,-0.6773745191513996
2016-07-12 03:00:00,43.8085,46.87645807739855,-3.0679580773985506
2016-07-12 04:00:00,24.0046,27.098922338476015,-3.0943223384760152
2016-07-12 05:00:00,20.2839,18.986865441460907,1.2970345585390923
2016-07-12 06:00:00,19.4438,18.791696412728378,0.6521035872716219
2016-07-12 07:00:00,19.5638,18.929426046089464,0.6343739539105364
2016-07-12 08:00:00,19.3237,19.16656209418101,0.15713790581898834
2016-07-12 09:00:00,19.4438,19.20732157221623,0.23647842778376926
2016-07-12 10:00:00,19.3237,19.053415831570014,0.2702841684299848
2016-07-12 11:00:00,19.3237,18.92519569334068,0.39850430665931924
2016-07-12 12:00:00,19.3237,18.834851406620903,0.48884859337909603
2016-07-12 13:00:00,29.8858,27.95036306866773,1.9354369313322692
2016-07-12 14:00:00,37.8073,35.285052133367216,2.5222478666327817
2016-07-12 15:00:00,45.3688,42.02497037046881,3.343829629531193
2016-07-12 16:00:00,49.5696,46.52589620310327,3.043703796896729
2016-07-12 17:00:00,49.9296,47.827795842371835,2.101804157628166
2016-07-12 18:00:00,51.1299,48.80048424358515,2.3294157564148463
2016-07-12 19:00:00,49.6896,45.921017509027934,3.768582490972065
2016-07-12 20:00:00,48.2493,46.40443384931977,1.8448661506802253
2016-07-12 21:00:00,46.569,47.310601313427824,-0.7416013134278217
2016-07-12 22:00:00,50.7698,48.126048527993156,2.6437514720068407
2016-07-12 23:00:00,50.4097,47.68787187058166,2.7218281294183413
2016-07-13 00:00:00,44.2885,41.79743155804603,2.4910684419539706
2016-07-13 01:00:00,42.7283,45.05823806522254,-2.3299380652225423
2016-07-13 02:00:00,52.3301,47.455489890438415,4.874610109561587
2016-07-13 03:00:00,50.1697,47.4154271874826,2.7542728125173994
2016-07-13 04:00:00,23.6446,27.661003333823547,-4.016403333823547
2016-07-13 05:00:00,15.723,18.89707454820404,-3.174074548204038
2016-07-13 06:00:00,15.8431,18.852927179826143,-3.009827179826143
2016-07-13 07:00:00,15.8431,19.04943270198074,-3.2063327019807417
2016-07-13 08:00:00,15.9631,19.26422351982238,-3.3011235198223794
2016-07-13 09:00:00,15.9631,19.32741910460231,-3.364319104602309
2016-07-13 10:00:00,15.8431,19.216700495235802,-3.3736004952358023
2016-07-13 11:00:00,15.8431,19.036326930578962,-3.1932269305789625
2016-07-13 12:00:00,15.9631,18.961731609505197,-2.998631609505196
2016-07-13 13:00:00,15.9631,26.13260471171818,-10.16950471171818
2016-07-13 14:00:00,15.2429,21.363840848884102,-6.120940848884102
2016-07-13 15:00:00,14.1627,18.230552300496818,-4.067852300496819
2016-07-13 16:00:00,14.6428,17.69302973860971,-3.05022973860971
2016-07-13 17:00:00,14.8829,17.98226928551137,-3.099369285511372
2016-07-13 18:00:00,14.7628,17.659098188718108,-2.8962981887181076
2016-07-13 19:00:00,14.7628,17.555848653908942,-2.793048653908942
2016-07-13 20:00:00,14.6428,17.86101721097873,-3.2182172109787306
2016-07-13 21:00:00,14.5228,18.031734040491926,-3.5089340404919263
2016-07-13 22:00:00,14.8829,18.339708643150683,-3.4568086431506835
2016-07-13 23:00:00,15.0029,18.396416597825777,-3.3935165978257764
2016-07-14 00:00:00,15.0029,18.287701665802743,-3.2848016658027426
2016-07-14 01:00:00,16.6832,18.53960329562025,-1.8564032956202503
2016-07-14 02:00:00,16.6832,18.929306692051878,-2.246106692051878
2016-07-14 03:00:00,16.9233,19.207190606291448,-2.283890606291447
2016-07-14 04:00:00,16.5632,18.991283690466055,-2.4280836904660568
2016-07-14 05:00:00,16.5632,18.48048944164707,-1.9172894416470712
2016-07-14 06:00:00,16.5632,18.462453696214844,-1.8992536962148456
2016-07-14 07:00:00,16.5632,17.207797451952192,-0.644597451952194
2016-07-14 08:00:00,16.5632,17.056938194100248,-0.4937381941002492
2016-07-14 09:00:00,16.6832,16.95371658070702,-0.2705165807070209
2016-07-14 10:00:00,16.6832,16.863955265066185,-0.18075526506618544
2016-07-14 11:00:00,16.5632,16.75880672017358,-0.19560672017358272
2016-07-14 12:00:00,16.5632,16.728110607583332,-0.16491060758333376
2016-07-14 13:00:00,16.6832,16.634137073016426,0.04906292698357362
2016-07-14 14:00:00,15.363,16.628818043413155,-1.2658180434131552
2016-07-14 15:00:00,14.7628,16.709421337583954,-1.946621337583954
2016-07-14 16:00:00,15.723,16.91517326213117,-1.1921732621311687
2016-07-14 17:00:00,15.1229,17.018886092014363,-1.895986092014363
2016-07-14 18:00:00,14.8829,17.04284087528536,-2.1599408752853613
2016-07-14 19:00:00,14.8829,17.081071900029784,-2.1981719000297844
2016-07-14 20:00:00,14.7628,17.00212613527681,-2.2393261352768103
2016-07-14 21:00:00,14.7628,17.07955817433252,-2.3167581743325183
2016-07-14 22:00:00,14.6428,17.450999881934145,-2.8081998819341454
2016-07-14 23:00:00,14.4028,18.142273823048647,-3.739473823048648
2016-07-15 00:00:00,14.5228,18.902463798004216,-4.379663798004216
2016-07-15 01:00:00,16.2031,18.817230599359547,-2.614130599359548
2016-07-15 02:00:00,16.0831,18.761535772293495,-2.6784357722934935
2016-07-15 03:00:00,16.0831,19.09745135193029,-3.014351351930287
2016-07-15 04:00:00,15.8431,19.5041575476108,-3.661057547610799
2016-07-15 05:00:00,15.8431,19.401404820562085,-3.5583048205620855
2016-07-15 06:00:00,16.4432,19.138512426173012,-2.695312426173011
2016-07-15 07:00:00,15.9631,18.840398498403445,-2.8772984984034444
2016-07-15 08:00:00,16.0831,19.200129356161778,-3.117029356161776
2016-07-15 09:00:00,15.9631,18.763177536886115,-2.800077536886114
2016-07-15 10:00:00,16.0831,18.74105227109664,-2.6579522710966366
2016-07-15 11:00:00,15.9631,18.909070452657726,-2.9459704526577255
2016-07-15 12:00:00,15.9631,18.882101877980826,-2.9190018779808256
2016-07-15 13:00:00,15.9631,32.20918832767408,-16.246088327674077
2016-07-15 14:00:00,14.8829,34.97272860225499,-20.08982860225499
2016-07-15 15:00:00,14.0427,35.955663859559735,-21.912963859559735
2016-07-15 16:00:00,14.8829,37.74617431783516,-22.863274317835163
2016-07-15 17:00:00,15.2429,38.771759099050044,-23.528859099050045
2016-07-15 18:00:00,14.8829,36.50258587610899,-21.61968587610899
2016-07-15 19:00:00,14.8829,38.176165362318756,-23.293265362318756
2016-07-15 20:00:00,15.363,37.926484219827024,-22.563484219827025
2016-07-15 21:00:00,14.7628,37.9828456066636,-23.220045606663604
2016-07-15 22:00:00,14.4028,36.59328106219067,-22.19048106219067
2016-07-15 23:00:00,14.4028,35.447626666274644,-21.044826666274645
2016-07-16 00:00:00,14.1627,34.10591421523315,-19.943214215233148
2016-07-16 01:00:00,16.2031,32.522413577549834,-16.319313577549835
2016-07-16 02:00:00,16.0831,33.09536746417794,-17.01226746417794
2016-07-16 03:00:00,16.0831,32.15811157876494,-16.075011578764936
2016-07-16 04:00:00,16.0831,25.726023597336052,-9.64292359733605
2016-07-16 05:00:00,15.9631,20.74031936928033,-4.777219369280328
2016-07-16 06:00:00,15.9631,20.35967610492351,-4.396576104923508
2016-07-16 07:00:00,15.9631,22.012930925361374,-6.049830925361373
2016-07-16 08:00:00,15.9631,20.900427805419564,-4.937327805419564
2016-07-16 09:00:00,16.0831,22.339488747530957,-6.256388747530956
2016-07-16 10:00:00,16.5632,22.77957870107132,-6.216378701071321
2016-07-16 11:00:00,15.9631,21.861658433790787,-5.898558433790786
2016-07-16 12:00:00,16.0831,25.909705989259383,-9.826605989259381
2016-07-16 13:00:00,15.9631,34.99303552971274,-19.02993552971274
2016-07-16 14:00:00,15.0029,42.25283282328184,-27.249932823281842
2016-07-16 15:00:00,14.0427,43.69753482465872,-29.654834824658717
2016-07-16 16:00:00,14.6428,43.67026037135643,-29.027460371356426
2016-07-16 17:00:00,15.1229,43.64380376392497,-28.52090376392497
2016-07-16 18:00:00,15.0029,43.72424716719989,-28.72134716719989
2016-07-16 19:00:00,14.8829,44.01486269660017,-29.13196269660017
2016-07-16 20:00:00,14.8829,44.617145095373616,-29.734245095373616
2016-07-16 21:00:00,14.6428,44.428329308675686,-29.785529308675684
2016-07-16 22:00:00,14.6428,43.491919992085506,-28.849119992085505
2016-07-16 23:00:00,14.7628,40.4341903138072,-25.6713903138072
2016-07-17 00:00:00,14.2828,36.526133547384354,-22.243333547384353
2016-07-17 01:00:00,16.0831,34.354420436569534,-18.271320436569532
2016-07-17 02:00:00,16.0831,32.93507392439788,-16.851973924397875
2016-07-17 03:00:00,16.0831,31.801129218933898,-15.718029218933896
2016-07-17 04:00:00,15.9631,27.133205290404092,-11.170105290404091
2016-07-17 05:00:00,15.8431,19.865611389892262,-4.022511389892262
2016-07-17 06:00:00,15.9631,20.101843404557236,-4.1387434045572356
2016-07-17 07:00:00,16.0831,21.883927765339518,-5.800827765339516
2016-07-17 08:00:00,15.9631,20.69941974891791,-4.736319748917911
2016-07-17 09:00:00,15.9631,22.561803221801306,-6.598703221801305
2016-07-17 10:00:00,16.0831,22.927105621853798,-6.844005621853796
2016-07-17 11:00:00,16.2031,23.048491270310297,-6.845391270310298
2016-07-17 12:00:00,16.0831,29.45562465624438,-13.37252465624438
2016-07-17 13:00:00,16.0831,36.21008797150921,-20.12698797150921
2016-07-17 14:00:00,15.2429,43.513510067617815,-28.270610067617817
2016-07-17 15:00:00,14.1627,44.087136613799494,-29.924436613799493
2016-07-17 16:00:00,13.9227,44.045978344787166,-30.123278344787167
2016-07-17 17:00:00,14.8829,43.77200816533191,-28.889108165331912
2016-07-17 18:00:00,14.8829,43.73515192580379,-28.85225192580379
2016-07-17 19:00:00,14.8829,43.84630448232852,-28.96340448232852
2016-07-17 20:00:00,15.0029,44.35443222487903,-29.351532224879026
2016-07-17 21:00:00,14.6428,44.22313753460966,-29.58033753460966
2016-07-17 22:00:00,14.5228,42.83440722006673,-28.31160722006673
2016-07-17 23:00:00,14.5228,39.15089197127608,-24.62809197127608
2016-07-18 00:00:00,14.1627,35.84052981337627,-21.67782981337627
2016-07-18 01:00:00,16.0831,34.332544833590184,-18.249444833590182
2016-07-18 02:00:00,16.0831,32.69189669528319,-16.60879669528319
2016-07-18 03:00:00,16.5632,31.605604176204903,-15.042404176204904
2016-07-18 04:00:00,15.9631,27.16367759595965,-11.20057759595965
2016-07-18 05:00:00,16.0831,19.865611389892262,-3.78251138989226
2016-07-18 06:00:00,15.9631,20.101843404557236,-4.1387434045572356
2016-07-18 07:00:00,15.9631,22.029369387516795,-6.066269387516794
2016-07-18 08:00:00,16.0831,20.94893952739147,-4.8658395273914685
2016-07-18 09:00:00,16.0831,22.51800831824167,-6.434908318241668
2016-07-18 10:00:00,15.9631,22.772295407651118,-6.809195407651117
2016-07-18 11:00:00,16.0831,21.879468000604938,-5.796368000604936
2016-07-18 12:00:00,16.2031,28.15944972663244,-11.956349726632443
2016-07-18 13:00:00,16.0831,35.650772034247204,-19.567672034247202
2016-07-18 14:00:00,14.7628,43.64035911839906,-28.877559118399063
2016-07-18 15:00:00,14.1627,44.104539613799496,-29.941839613799495
2016-07-18 16:00:00,14.4028,44.08934664478716,-29.686546644787164
2016-07-18 17:00:00,14.2828,43.81377646533191,-29.53097646533191
2016-07-18 18:00:00,14.5228,43.74035292580379,-29.21755292580379
2016-07-18 19:00:00,14.5228,43.85150548232853,-29.328705482328527
2016-07-18 20:00:00,14.5228,44.37763672487903,-29.854836724879032
2016-07-18 21:00:00,14.2828,44.241141034609655,-29.958341034609653
2016-07-18 22:00:00,14.1627,42.83380672006673,-28.67110672006673
2016-07-18 23:00:00,14.0427,39.15029147127608,-25.107591471276077
2016-07-19 00:00:00,14.1627,35.82094728260704,-21.658247282607036
2016-07-19 01:00:00,16.2031,34.28309049726539,-18.079990497265392
2016-07-19 02:00:00,16.0831,32.67231416451396,-16.58921416451396
2016-07-19 03:00:00,16.2031,31.56368477147579,-15.36058477147579
2016-07-19 04:00:00,16.0831,27.16367759595965,-11.08057759595965
2016-07-19 05:00:00,16.4432,19.865611389892262,-3.422411389892261
2016-07-19 06:00:00,16.2031,20.101843404557236,-3.898743404557237
2016-07-19 07:00:00,16.0831,22.307205515435157,-6.224105515435156
2016-07-19 08:00:00,15.9631,21.11271031010037,-5.149610310100368
2016-07-19 09:00:00,15.9631,23.13707953837436,-7.173979538374358
2016-07-19 10:00:00,15.9631,23.73318801873671,-7.770088018736708
2016-07-19 11:00:00,16.0831,23.566262951331552,-7.4831629513315505
2016-07-19 12:00:00,16.2031,30.071020599975814,-13.867920599975815
2016-07-19 13:00:00,15.9631,36.99420505702497,-21.03110505702497
2016-07-19 14:00:00,15.0029,43.59074953506573,-28.587849535065732
2016-07-19 15:00:00,14.0427,44.062960042370925,-30.020260042370925
2016-07-19 16:00:00,14.0427,44.0396054733586,-29.9969054733586
2016-07-19 17:00:00,14.0427,43.77806946533191,-29.73536946533191
2016-07-19 18:00:00,14.5228,43.70760652580378,-29.184806525803783
2016-07-19 19:00:00,14.1627,43.815798482328525,-29.653098482328524
2016-07-19 20:00:00,14.1627,44.322525974879035,-30.159825974879034
2016-07-19 21:00:00,14.2828,44.18603028460965,-29.90323028460965
2016-07-19 22:00:00,14.2828,42.83380672006673,-28.55100672006673
2016-07-19 23:00:00,14.0427,39.15029147127608,-25.107591471276077
2016-07-20 00:00:00,14.1627,35.82094728260704,-21.658247282607036
2016-07-20 01:00:00,16.2031,34.282489997265394,-18.079389997265395
2016-07-20 02:00:00,15.9631,32.67231416451396,-16.709214164513963
2016-07-20 03:00:00,16.0831,31.56368477147579,-15.480584771475787
2016-07-20 04:00:00,15.9631,27.16367759595965,-11.20057759595965
2016-07-20 05:00:00,16.0831,19.865611389892262,-3.78251138989226
2016-07-20 06:00:00,16.0831,20.101843404557236,-4.0187434045572346
2016-07-20 07:00:00,16.4432,22.307205515435157,-5.8640055154351565
2016-07-20 08:00:00,16.0831,21.09135127785078,-5.008251277850778
2016-07-20 09:00:00,17.1633,23.140471824802933,-5.977171824802934
2016-07-20 10:00:00,17.2833,23.73318801873671,-6.449888018736708
2016-07-20 11:00:00,17.1633,23.34910796528504,-6.18580796528504
2016-07-20 12:00:00,17.5234,29.673791373141515,-12.150391373141517
2016-07-20 13:00:00,17.4033,35.43785287071544,-18.034552870715437
2016-07-20 14:00:00,16.2031,33.09491941185004,-16.891819411850044
2016-07-20 15:00:00,14.2828,30.750712435659565,-16.467912435659564
2016-07-20 16:00:00,14.0427,28.01913174178044,-13.976431741780441
2016-07-20 17:00:00,14.7628,27.593813898564626,-12.831013898564626
2016-07-20 18:00:00,14.7628,27.452787148564624,-12.689987148564624
2016-07-20 19:00:00,14.8829,27.452787148564624,-12.569887148564625
2016-07-20 20:00:00,14.7628,27.452787148564624,-12.689987148564624
2016-07-20 21:00:00,14.8829,27.452787148564624,-12.569887148564625
2016-07-20 22:00:00,14.4028,27.452787148564624,-13.049987148564625
2016-07-20 23:00:00,14.2828,27.452787148564624,-13.169987148564624
2016-07-21 00:00:00,14.1627,27.452787148564624,-13.290087148564625
2016-07-21 01:00:00,16.2031,27.452787148564624,-11.249687148564625
2016-07-21 02:00:00,16.2031,27.452787148564624,-11.249687148564625
2016-07-21 03:00:00,16.0831,27.452787148564624,-11.369687148564623
2016-07-21 04:00:00,16.0831,27.468390148564627,-11.385290148564625
2016-07-21 05:00:00,16.0831,27.468390148564627,-11.385290148564625
2016-07-21 06:00:00,16.0831,27.467790148564628,-11.384690148564626
2016-07-21 07:00:00,16.3231,19.22419758682618,-2.901097586826179
2016-07-21 08:00:00,16.4432,19.211970713088807,-2.7687707130888057
2016-07-21 09:00:00,17.7634,19.849224592834954,-2.0858245928349533
2016-07-21 10:00:00,18.1235,20.286560942201838,-2.163060942201838
2016-07-21 11:00:00,19.0837,20.65242623755068,-1.5687262375506812
2016-07-21 12:00:00,17.8835,20.729849730194402,-2.846349730194401
2016-07-21 13:00:00,18.9637,20.737885186604657,-1.774185186604658
2016-07-21 14:00:00,17.5234,20.248629596454965,-2.725229596454966
2016-07-21 15:00:00,14.1627,19.87202520420375,-5.709325204203752
2016-07-21 16:00:00,14.8829,19.273080034922142,-4.3901800349221425
2016-07-21 17:00:00,15.0029,19.17394745872212,-4.171047458722121
2016-07-21 18:00:00,14.7628,19.187171887293548,-4.424371887293548
2016-07-21 19:00:00,14.8829,19.199615547293547,-4.316715547293548
2016-07-21 20:00:00,14.7628,19.301997873087203,-4.539197873087202
2016-07-21 21:00:00,14.5228,19.299597373087202,-4.776797373087202
2016-07-21 22:00:00,14.8829,19.302222246824577,-4.419322246824578
2016-07-21 23:00:00,14.1627,19.29392058015791,-5.13122058015791
2016-07-22 00:00:00,14.2828,19.336858535286115,-5.054058535286115
2016-07-22 01:00:00,16.2031,19.320887908202778,-3.1177879082027786
2016-07-22 02:00:00,16.0831,19.126951722420895,-3.043851722420893
2016-07-22 03:00:00,15.9631,18.55318181657336,-2.5900818165733597
2016-07-22 04:00:00,15.9631,17.927303752755098,-1.9642037527550968
2016-07-22 05:00:00,16.2031,17.77029010943813,-1.5671901094381298
2016-07-22 06:00:00,16.0831,17.70933145901444,-1.6262314590144378
